action,event_pk,rn,date,work_area,organization,project,survey,sampling_bout,site_id,lat,long,gather_lat,gather_long,collection_method,line_out_depth,pressure_transducer_depth,volume,collected,preserved,analyzed,lab_technician,project_specific_id,hakai_id,is_blank,is_solid_standard,filter_size_mm,filter_type,acetone_volume_ml,flurometer_serial_no,calibration,acid_ratio_correction_factor,acid_coefficient,calibration_slope,before_acid,after_acid,acid_flag,dilution_factor,chla,chla_flag,chla_final,phaeo,phaeo_flag,phaeo_final,analyzing_lab,row_flag,quality_level,comments,quality_log
,1637775,1,2019-10-05,CALVERT,HAKAI,OCEANOGRAPHY,QCS_V1,1,QCS01,51.705,-128.2384,,,,0,,250,2019-10-05T18:05:36.000Z,2019-10-05T19:45:06.000Z,2019-11-06T18:41:51.000Z,chris.mackenzie,,CHL12709,,,,20um,10,720001154,2019-05-09T07:00:00.000Z,2.35049298023632,1.7404703427818,0.00050771033855026,36362.35,24146.76,,1,0.5831085436111273,,,0.27038745894192245,,,HAKAI,Results,Technicianm,,1: No YSI for 5m POM2: CHL metadata QCd by BF3: Event metadata QC'd by EM
,1637775,1,2019-10-05,CALVERT,HAKAI,OCEANOGRAPHY,QCS_V1,1,QCS01,51.705,-128.2384,,,,0,,250,2019-10-05T18:05:36.000Z,2019-10-05T19:45:06.000Z,2019-11-06T18:49:32.000Z,chris.mackenzie,,CHL12710,,,,3um,10,720001154,2019-05-09T07:00:00.000Z,2.35049298023632,1.7404703427818,0.00050771033855026,40430.87,26225.05,,1,0.6781117417170864,,,0.24884389712447497,,,HAKAI,Results,Technicianm,,1: No YSI for 5m POM2: CHL metadata QCd by BF3: Event metadata QC'd by EM
,1637775,1,2019-10-05,CALVERT,HAKAI,OCEANOGRAPHY,QCS_V1,1,QCS01,51.705,-128.2384,,,,0,,250,2019-10-05T18:05:36.000Z,2019-10-05T19:45:06.000Z,2019-11-06T18:50:40.000Z,chris.mackenzie,,CHL12711,,,,GF/F,10,720001154,2019-05-09T07:00:00.000Z,2.35049298023632,1.7404703427818,0.00050771033855026,20646.93,13797.9,,1,0.32693696403112077,,,0.16076625137445436,,,HAKAI,Results,Technicianm,,1: No YSI for 5m POM2: CHL metadata QCd by BF3: Event metadata QC'd by EM
,1637775,1,2019-10-05,CALVERT,HAKAI,OCEANOGRAPHY,QCS_V1,1,QCS01,51.705,-128.2384,,,,0,,250,2019-10-05T18:05:36.000Z,2019-10-05T19:45:06.000Z,2019-11-06T18:51:56.000Z,chris.mackenzie,,CHL12712,,,,Bulk GF/F,10,720001154,2019-05-09T07:00:00.000Z,2.35049298023632,1.7404703427818,0.00050771033855026,129102.23,82962.28,,1,2.202480522577315,,,0.7299201118219516,,,HAKAI,Results,Technicianm,,1: No YSI for 5m POM2: CHL metadata QCd by BF3: Event metadata QC'd by EM
,1637775,1,2019-10-05,CALVERT,HAKAI,OCEANOGRAPHY,QCS_V1,1,QCS01,51.705,-128.2384,,,,5,14.0700763,250,2019-10-05T18:05:36.000Z,2019-10-05T19:45:06.000Z,2019-11-06T18:40:27.000Z,chris.mackenzie,,CHL12713,,,,20um,10,720001154,2019-05-09T07:00:00.000Z,2.35049298023632,1.7404703427818,0.00050771033855026,56530.83,38023.19,,1,0.8834581879449983,,,0.4605167664304585,,,HAKAI,Results,Technicianm,,1: No YSI for 5m POM2: CHL metadata QCd by BF3: Event metadata QC'd by EM
,1637775,1,2019-10-05,CALVERT,HAKAI,OCEANOGRAPHY,QCS_V1,1,QCS01,51.705,-128.2384,,,,5,14.0700763,250,2019-10-05T18:05:36.000Z,2019-10-05T19:45:06.000Z,2019-11-06T18:47:06.000Z,chris.mackenzie,,CHL12714,,,,3um,10,720001154,2019-05-09T07:00:00.000Z,2.35049298023632,1.7404703427818,0.00050771033855026,29987.46,19907.18,,1,0.48117998311930693,,,0.22246301296397836,,,HAKAI,Results,Technicianm,,1: No YSI for 5m POM2: CHL metadata QCd by BF3: Event metadata QC'd by EM
,1637775,1,2019-10-05,CALVERT,HAKAI,OCEANOGRAPHY,QCS_V1,1,QCS01,51.705,-128.2384,,,,5,14.0700763,250,2019-10-05T18:05:36.000Z,2019-10-05T19:45:06.000Z,2019-11-06T18:48:55.000Z,chris.mackenzie,,CHL12715,,,,GF/F,10,720001154,2019-05-09T07:00:00.000Z,2.35049298023632,1.7404703427818,0.00050771033855026,18676.61,12814.73,,1,0.2798155725284816,,,0.17313632780086455,,,HAKAI,Results,Technicianm,,1: No YSI for 5m POM2: CHL metadata QCd by BF3: Event metadata QC'd by EM
,1637775,1,2019-10-05,CALVERT,HAKAI,OCEANOGRAPHY,QCS_V1,1,QCS01,51.705,-128.2384,,,,5,14.0700763,250,2019-10-05T18:05:36.000Z,2019-10-05T19:45:06.000Z,2019-11-06T18:52:36.000Z,chris.mackenzie,,CHL12716,,,,Bulk GF/F,10,720001154,2019-05-09T07:00:00.000Z,2.35049298023632,1.7404703427818,0.00050771033855026,119489.03,76642.84,,1,2.0452536021744057,,,0.6637788959459634,,,HAKAI,Results,Technicianm,,1: No YSI for 5m POM2: CHL metadata QCd by BF3: Event metadata QC'd by EM
,1637775,1,2019-10-05,CALVERT,HAKAI,OCEANOGRAPHY,QCS_V1,1,QCS01,51.705,-128.2384,,,,10,,250,2019-10-05T18:05:36.000Z,2019-10-05T19:45:06.000Z,2019-11-06T18:41:02.000Z,chris.mackenzie,,CHL12717,,,,20um,10,720001154,2019-05-09T07:00:00.000Z,2.35049298023632,1.7404703427818,0.00050771033855026,51549.16,34052.8,,1,0.8351849561172227,,,0.36845183307265233,,,HAKAI,Results,Technicianm,,1: No YSI for 5m POM2: CHL metadata QCd by BF3: Event metadata QC'd by EM
,1637775,1,2019-10-05,CALVERT,HAKAI,OCEANOGRAPHY,QCS_V1,1,QCS01,51.705,-128.2384,,,,10,,250,2019-10-05T18:05:36.000Z,2019-10-05T19:45:06.000Z,2019-11-06T18:53:50.000Z,chris.mackenzie,,CHL12718,,,,3um,10,720001154,2019-05-09T07:00:00.000Z,2.35049298023632,1.7404703427818,0.00050771033855026,30497.39,20025.91,,1,0.4998538304128615,,,0.20798581898470347,,,HAKAI,Results,Technicianm,,1: No YSI for 5m POM2: CHL metadata QCd by BF3: Event metadata QC'd by EM
,1637775,1,2019-10-05,CALVERT,HAKAI,OCEANOGRAPHY,QCS_V1,1,QCS01,51.705,-128.2384,,,,10,,250,2019-10-05T18:05:36.000Z,2019-10-05T19:45:06.000Z,2019-11-06T18:47:42.000Z,chris.mackenzie,,CHL12719,,,,GF/F,10,720001154,2019-05-09T07:00:00.000Z,2.35049298023632,1.7404703427818,0.00050771033855026,12530.5,8519.79,,1,0.19145037341189283,,,0.10969175528742127,,,HAKAI,Results,Technicianm,,1: No YSI for 5m POM2: CHL metadata QCd by BF3: Event metadata QC'd by EM
,1637775,1,2019-10-05,CALVERT,HAKAI,OCEANOGRAPHY,QCS_V1,1,QCS01,51.705,-128.2384,,,,10,,250,2019-10-05T18:05:36.000Z,2019-10-05T19:45:06.000Z,2019-11-06T18:51:17.000Z,chris.mackenzie,,CHL12720,,,,Bulk GF/F,10,720001154,2019-05-09T07:00:00.000Z,2.35049298023632,1.7404703427818,0.00050771033855026,129338.48,83649.58,,1,2.1809497484930676,,,0.7757443233095903,,,HAKAI,Results,Technicianm,,1: No YSI for 5m POM2: CHL metadata QCd by BF3: Event metadata QC'd by EM
,1637775,1,2019-10-05,CALVERT,HAKAI,OCEANOGRAPHY,QCS_V1,1,QCS01,51.705,-128.2384,,,,20,,250,2019-10-05T18:05:36.000Z,2019-10-05T19:45:06.000Z,2019-11-06T18:44:07.000Z,chris.mackenzie,,CHL12721,,,,20um,10,720001154,2019-05-09T07:00:00.000Z,2.35049298023632,1.7404703427818,0.00050771033855026,55182.1,36647.19,,1,0.8847599154902317,,,0.4105786794103725,,,HAKAI,Results,Technicianm,,1: No YSI for 5m POM2: CHL metadata QCd by BF3: Event metadata QC'd by EM
,1637775,1,2019-10-05,CALVERT,HAKAI,OCEANOGRAPHY,QCS_V1,1,QCS01,51.705,-128.2384,,,,20,,250,2019-10-05T18:05:36.000Z,2019-10-05T19:45:06.000Z,2019-11-06T18:48:19.000Z,chris.mackenzie,,CHL12722,,,,3um,10,720001154,2019-05-09T07:00:00.000Z,2.35049298023632,1.7404703427818,0.00050771033855026,17277.74,11331.17,,1,0.2838582313405755,,,0.11665547315845617,,,HAKAI,Results,Technicianm,,1: No YSI for 5m POM2: CHL metadata QCd by BF3: Event metadata QC'd by EM
,1637775,1,2019-10-05,CALVERT,HAKAI,OCEANOGRAPHY,QCS_V1,1,QCS01,51.705,-128.2384,,,,20,,250,2019-10-05T18:05:36.000Z,2019-10-05T19:45:06.000Z,2019-11-06T18:46:27.000Z,chris.mackenzie,,CHL12723,,,,GF/F,10,720001154,2019-05-09T07:00:00.000Z,2.35049298023632,1.7404703427818,0.00050771033855026,22401.24,15117.37,,1,0.3476939572753163,,,0.18664749740081416,,,HAKAI,Results,Technicianm,,1: No YSI for 5m POM2: CHL metadata QCd by BF3: Event metadata QC'd by EM
,1637775,1,2019-10-05,CALVERT,HAKAI,OCEANOGRAPHY,QCS_V1,1,QCS01,51.705,-128.2384,,,,20,,250,2019-10-05T18:05:36.000Z,2019-10-05T19:45:06.000Z,2019-11-06T18:50:05.000Z,chris.mackenzie,,CHL12724,,,,Bulk GF/F,10,720001154,2019-05-09T07:00:00.000Z,2.35049298023632,1.7404703427818,0.00050771033855026,131855.95,85217.03,,1,2.226298747485457,,,0.785798712150672,,,HAKAI,Results,Technicianm,,1: No YSI for 5m POM2: CHL metadata QCd by BF3: Event metadata QC'd by EM
,1637775,1,2019-10-05,CALVERT,HAKAI,OCEANOGRAPHY,QCS_V1,1,QCS01,51.705,-128.2384,,,,30,37.5983714,250,2019-10-05T18:05:36.000Z,2019-10-05T19:45:06.000Z,2019-11-06T18:39:51.000Z,chris.mackenzie,,CHL12725,,,,20um,10,720001154,2019-05-09T07:00:00.000Z,2.35049298023632,1.7404703427818,0.00050771033855026,43303.66,28562.93,,1,0.703645554743148,,,0.3059452382329108,,,HAKAI,Results,Technicianm,,1: No YSI for 5m POM2: CHL metadata QCd by BF3: Event metadata QC'd by EM
,1637775,1,2019-10-05,CALVERT,HAKAI,OCEANOGRAPHY,QCS_V1,1,QCS01,51.705,-128.2384,,,,30,37.5983714,250,2019-10-05T18:05:36.000Z,2019-10-05T19:45:06.000Z,2019-11-06T18:45:51.000Z,chris.mackenzie,,CHL12726,,,,3um,10,720001154,2019-05-09T07:00:00.000Z,2.35049298023632,1.7404703427818,0.00050771033855026,23059.75,15270.92,,1,0.37179811353644454,,,0.16797074884125845,,,HAKAI,Results,Technicianm,,1: No YSI for 5m POM2: CHL metadata QCd by BF3: Event metadata QC'd by EM
,1637775,1,2019-10-05,CALVERT,HAKAI,OCEANOGRAPHY,QCS_V1,1,QCS01,51.705,-128.2384,,,,30,37.5983714,250,2019-10-05T18:05:36.000Z,2019-10-05T19:45:06.000Z,2019-11-06T18:45:14.000Z,chris.mackenzie,,CHL12727,,,,GF/F,10,720001154,2019-05-09T07:00:00.000Z,2.35049298023632,1.7404703427818,0.00050771033855026,43839.09,28588.26,,1,0.7279950677913132,,,0.28249104421490456,,,HAKAI,Results,Technicianm,,1: No YSI for 5m POM2: CHL metadata QCd by BF3: Event metadata QC'd by EM
,1637775,1,2019-10-05,CALVERT,HAKAI,OCEANOGRAPHY,QCS_V1,1,QCS01,51.705,-128.2384,,,,30,37.5983714,250,2019-10-05T18:05:36.000Z,2019-10-05T19:45:06.000Z,2019-11-06T18:53:12.000Z,chris.mackenzie,,CHL12728,,,,Bulk GF/F,10,720001154,2019-05-09T07:00:00.000Z,2.35049298023632,1.7404703427818,0.00050771033855026,124923.64,81353.32,,1,2.079819790928704,,,0.795710235228805,,,HAKAI,Results,Technicianm,,1: No YSI for 5m POM2: CHL metadata QCd by BF3: Event metadata QC'd by EM
,1637775,1,2019-10-05,CALVERT,HAKAI,OCEANOGRAPHY,QCS_V1,1,QCS01,51.705,-128.2384,,,,115,117.7382956,250,2019-10-05T18:05:36.000Z,2019-10-05T19:45:06.000Z,2019-11-06T18:54:27.000Z,chris.mackenzie,,CHL12751,,,,Bulk GF/F,10,720001154,2019-05-09T07:00:00.000Z,2.35049298023632,1.7404703427818,0.00050771033855026,11905.31,9381.08,,1,0.12049357247906288,,,0.21109187747904187,,,HAKAI,Results,Technicianm,,1: No YSI for 5m POM2: CHL metadata QCd by BF3: Event metadata QC'd by EM
,1664062,1,2019-11-28,CALVERT,HAKAI,OCEANOGRAPHY,QCS_V1,1,QCS01,51.705,-128.2384,,,,0,,250,2019-11-28T22:12:56.000Z,2019-11-28T23:57:31.000Z,2019-12-03T18:36:27.000Z,chris.osullivan;eva.jordison,,CHL12840,,,,3um,10,720001154,2019-05-09T07:00:00.000Z,2.35049298023632,1.7404703427818,0.00050771033855026,3614.42,2733.37,,1,0.04205673097644761,AV,0.04205673097644761,0.05455748842600762,AV,0.05455748842600762,HAKAI,Results,Technicianmr,,1: Event Metadata QCd by EJ2: Chlorophyll metadata QCd by EJ
,1664062,1,2019-11-28,CALVERT,HAKAI,OCEANOGRAPHY,QCS_V1,1,QCS01,51.705,-128.2384,,,,0,,250,2019-11-28T22:12:56.000Z,2019-11-28T23:57:31.000Z,2019-12-03T18:37:07.000Z,chris.osullivan;eva.jordison,,CHL12841,,,,GF/F,10,720001154,2019-05-09T07:00:00.000Z,2.35049298023632,1.7404703427818,0.00050771033855026,4323.06,3189.11,,1,0.0541288577160692,AV,0.0541288577160692,0.05859403499094228,AV,0.05859403499094228,HAKAI,Results,Technicianmr,,1: Event Metadata QCd by EJ2: Chlorophyll metadata QCd by EJ
,1664062,1,2019-11-28,CALVERT,HAKAI,OCEANOGRAPHY,QCS_V1,1,QCS01,51.705,-128.2384,,,,0,,250,2019-11-28T22:12:56.000Z,2019-11-28T23:57:31.000Z,2019-12-03T18:37:45.000Z,chris.osullivan;eva.jordison,,CHL12842,,,,Bulk GF/F,10,720001154,2019-05-09T07:00:00.000Z,2.35049298023632,1.7404703427818,0.00050771033855026,14703.6,10332.76,,1,0.20864110098302738,AV,0.20864110098302738,0.15658261248163832,AV,0.15658261248163832,HAKAI,Results,Technicianmr,,1: Event Metadata QCd by EJ2: Chlorophyll metadata QCd by EJ
,1664062,1,2019-11-28,CALVERT,HAKAI,OCEANOGRAPHY,QCS_V1,1,QCS01,51.705,-128.2384,,,,0,,250,2019-11-28T22:12:56.000Z,2019-11-28T23:57:31.000Z,2019-12-03T18:35:48.000Z,chris.osullivan;eva.jordison,,CHL12843,,,,20um,10,720001154,2019-05-09T07:00:00.000Z,2.35049298023632,1.7404703427818,0.00050771033855026,6688.18,4625.75,,1,0.09844964947250988,AV,0.09844964947250988,0.06505299576062988,AV,0.06505299576062988,HAKAI,Results,Technicianmr,,1: Event Metadata QCd by EJ2: Chlorophyll metadata QCd by EJ
,1664062,1,2019-11-28,CALVERT,HAKAI,OCEANOGRAPHY,QCS_V1,1,QCS01,51.705,-128.2384,,,,5,6.7310094,250,2019-11-28T22:12:56.000Z,2019-11-28T23:57:31.000Z,2019-12-03T18:38:28.000Z,chris.osullivan;eva.jordison,,CHL12844,,,,20um,10,720001154,2019-05-09T07:00:00.000Z,2.35049298023632,1.7404703427818,0.00050771033855026,7260.79,5105.39,,1,0.10288755229173735,AV,0.10288755229173735,0.07756854022230251,AV,0.07756854022230251,HAKAI,Results,Technicianmr,,1: Event Metadata QCd by EJ2: Chlorophyll metadata QCd by EJ
,1664062,1,2019-11-28,CALVERT,HAKAI,OCEANOGRAPHY,QCS_V1,1,QCS01,51.705,-128.2384,,,,5,6.7310094,250,2019-11-28T22:12:56.000Z,2019-11-28T23:57:31.000Z,2019-12-03T18:39:09.000Z,chris.osullivan;eva.jordison,,CHL12845,,,,3um,10,720001154,2019-05-09T07:00:00.000Z,2.35049298023632,1.7404703427818,0.00050771033855026,3730.14,2767.65,,1,0.04594425174226328,AV,0.04594425174226328,0.05188163510408585,AV,0.05188163510408585,HAKAI,Results,Technicianmr,,1: Event Metadata QCd by EJ2: Chlorophyll metadata QCd by EJ
,1664062,1,2019-11-28,CALVERT,HAKAI,OCEANOGRAPHY,QCS_V1,1,QCS01,51.705,-128.2384,,,,5,6.7310094,250,2019-11-28T22:12:56.000Z,2019-11-28T23:57:31.000Z,2019-12-03T18:39:45.000Z,chris.osullivan;eva.jordison,,CHL12846,,,,GF/F,10,720001154,2019-05-09T07:00:00.000Z,2.35049298023632,1.7404703427818,0.00050771033855026,6710.38,4924.64,,1,0.0852419122341315,AV,0.0852419122341315,0.08882535617011202,AV,0.08882535617011202,HAKAI,Results,Technicianmr,,1: Event Metadata QCd by EJ2: Chlorophyll metadata QCd by EJ
,1664062,1,2019-11-28,CALVERT,HAKAI,OCEANOGRAPHY,QCS_V1,1,QCS01,51.705,-128.2384,,,,5,6.7310094,250,2019-11-28T22:12:56.000Z,2019-11-28T23:57:31.000Z,2019-12-03T18:40:23.000Z,chris.osullivan;eva.jordison,,CHL12847,,,,Bulk GF/F,10,720001154,2019-05-09T07:00:00.000Z,2.35049298023632,1.7404703427818,0.00050771033855026,20607.78,14714.94,,1,0.28129344142471996,AV,0.28129344142471996,0.23882364541459,AV,0.23882364541459,HAKAI,Results,Technicianmr,,1: Event Metadata QCd by EJ2: Chlorophyll metadata QCd by EJ
,1664062,1,2019-11-28,CALVERT,HAKAI,OCEANOGRAPHY,QCS_V1,1,QCS01,51.705,-128.2384,,,,10,,250,2019-11-28T22:12:56.000Z,2019-11-28T23:57:31.000Z,2019-12-03T18:41:03.000Z,chris.osullivan;eva.jordison,,CHL12848,,,,20um,10,720001154,2019-05-09T07:00:00.000Z,2.35049298023632,1.7404703427818,0.00050771033855026,6237.9,4558.02,,1,0.08018870805597278,AV,0.08018870805597278,0.08091993962830674,AV,0.08091993962830674,HAKAI,Results,Technicianmr,,1: Event Metadata QCd by EJ2: Chlorophyll metadata QCd by EJ
,1664062,1,2019-11-28,CALVERT,HAKAI,OCEANOGRAPHY,QCS_V1,1,QCS01,51.705,-128.2384,,,,10,,250,2019-11-28T22:12:56.000Z,2019-11-28T23:57:31.000Z,2019-12-03T18:41:50.000Z,chris.osullivan;eva.jordison,,CHL12849,,,,3um,10,720001154,2019-05-09T07:00:00.000Z,2.35049298023632,1.7404703427818,0.00050771033855026,4176.31,3053.1,,1,0.05361618614159891,AV,0.05361618614159891,0.05429927106237861,AV,0.05429927106237861,HAKAI,Results,Technicianmr,,1: Event Metadata QCd by EJ2: Chlorophyll metadata QCd by EJ
,1664062,1,2019-11-28,CALVERT,HAKAI,OCEANOGRAPHY,QCS_V1,1,QCS01,51.705,-128.2384,,,,10,,250,2019-11-28T22:12:56.000Z,2019-11-28T23:57:31.000Z,2019-12-03T18:42:34.000Z,chris.osullivan;eva.jordison,,CHL12850,,,,GF/F,10,720001154,2019-05-09T07:00:00.000Z,2.35049298023632,1.7404703427818,0.00050771033855026,6888.58,4996.86,,1,0.09030084458630665,AV,0.09030084458630665,0.08631912576653707,AV,0.08631912576653707,HAKAI,Results,Technicianmr,,1: Event Metadata QCd by EJ2: Chlorophyll metadata QCd by EJ
,1664062,1,2019-11-28,CALVERT,HAKAI,OCEANOGRAPHY,QCS_V1,1,QCS01,51.705,-128.2384,,,,10,,250,2019-11-28T22:12:56.000Z,2019-11-28T23:57:31.000Z,2019-12-03T18:43:17.000Z,chris.osullivan;eva.jordison,,CHL12851,,,,Bulk GF/F,10,720001154,2019-05-09T07:00:00.000Z,2.35049298023632,1.7404703427818,0.00050771033855026,18547.28,13289.1,,1,0.25099808374750276,AV,0.25099808374750276,0.21872098943365018,AV,0.21872098943365018,HAKAI,Results,Technicianmr,,1: Event Metadata QCd by EJ2: Chlorophyll metadata QCd by EJ
,1664062,1,2019-11-28,CALVERT,HAKAI,OCEANOGRAPHY,QCS_V1,1,QCS01,51.705,-128.2384,,,,20,,250,2019-11-28T22:12:56.000Z,2019-11-28T23:57:31.000Z,2019-12-03T18:43:54.000Z,chris.osullivan;eva.jordison,,CHL12852,,,,20um,10,720001154,2019-05-09T07:00:00.000Z,2.35049298023632,1.7404703427818,0.00050771033855026,5984.67,4321.24,,1,0.07940347086788746,AV,0.07940347086788746,0.07333590559803758,AV,0.07333590559803758,HAKAI,Results,Technicianmr,,1: Event Metadata QCd by EJ2: Chlorophyll metadata QCd by EJ
,1664062,1,2019-11-28,CALVERT,HAKAI,OCEANOGRAPHY,QCS_V1,1,QCS01,51.705,-128.2384,,,,20,,250,2019-11-28T22:12:56.000Z,2019-11-28T23:57:31.000Z,2019-12-03T18:44:31.000Z,chris.osullivan;eva.jordison,,CHL12853,,,,3um,10,720001154,2019-05-09T07:00:00.000Z,2.35049298023632,1.7404703427818,0.00050771033855026,4646.17,3418.24,,1,0.058614972666601574,AV,0.058614972666601574,0.06220679289395135,AV,0.06220679289395135,HAKAI,Results,Technicianmr,,1: Event Metadata QCd by EJ2: Chlorophyll metadata QCd by EJ
,1664062,1,2019-11-28,CALVERT,HAKAI,OCEANOGRAPHY,QCS_V1,1,QCS01,51.705,-128.2384,,,,20,,250,2019-11-28T22:12:56.000Z,2019-11-28T23:57:31.000Z,2019-12-03T18:45:08.000Z,chris.osullivan;eva.jordison,,CHL12854,,,,GF/F,10,720001154,2019-05-09T07:00:00.000Z,2.35049298023632,1.7404703427818,0.00050771033855026,5453.8,4078.07,,1,0.06567017366350181,AV,0.06567017366350181,0.07847406942051925,AV,0.07847406942051925,HAKAI,Results,Technicianmr,,1: Event Metadata QCd by EJ2: Chlorophyll metadata QCd by EJ
,1664062,1,2019-11-28,CALVERT,HAKAI,OCEANOGRAPHY,QCS_V1,1,QCS01,51.705,-128.2384,,,,20,,250,2019-11-28T22:12:56.000Z,2019-11-28T23:57:31.000Z,2019-12-03T18:45:59.000Z,chris.osullivan;eva.jordison,,CHL12855,,,,Bulk GF/F,10,720001154,2019-05-09T07:00:00.000Z,2.35049298023632,1.7404703427818,0.00050771033855026,9257.26,6867.04,,1,0.11409663414621714,AV,0.11409663414621714,0.12862707658648137,AV,0.12862707658648137,HAKAI,Results,Technicianmr,,1: Event Metadata QCd by EJ2: Chlorophyll metadata QCd by EJ
,1664062,1,2019-11-28,CALVERT,HAKAI,OCEANOGRAPHY,QCS_V1,1,QCS01,51.705,-128.2384,,,,30,29.3906589,250,2019-11-28T22:12:56.000Z,2019-11-28T23:57:31.000Z,2019-12-03T18:47:14.000Z,chris.osullivan;eva.jordison,,CHL12856,,,,20um,10,720001154,2019-05-09T07:00:00.000Z,2.35049298023632,1.7404703427818,0.00050771033855026,5765.45,4179.35,,1,0.07571214006213445,AV,0.07571214006213445,0.07201196529486129,AV,0.07201196529486129,HAKAI,Results,Technicianmr,,1: Event Metadata QCd by EJ2: Chlorophyll metadata QCd by EJ
,1664062,1,2019-11-28,CALVERT,HAKAI,OCEANOGRAPHY,QCS_V1,1,QCS01,51.705,-128.2384,,,,30,29.3906589,250,2019-11-28T22:12:56.000Z,2019-11-28T23:57:31.000Z,2019-12-03T18:48:21.000Z,chris.osullivan;eva.jordison,,CHL12857,,,,3um,10,720001154,2019-05-09T07:00:00.000Z,2.35049298023632,1.7404703427818,0.00050771033855026,7171.94,5244.86,,1,0.09198874652981404,AV,0.09198874652981404,0.09339707930977645,AV,0.09339707930977645,HAKAI,Results,Technicianmr,,1: Event Metadata QCd by EJ2: Chlorophyll metadata QCd by EJ
,1664062,1,2019-11-28,CALVERT,HAKAI,OCEANOGRAPHY,QCS_V1,1,QCS01,51.705,-128.2384,,,,30,29.3906589,250,2019-11-28T22:12:56.000Z,2019-11-28T23:57:31.000Z,2019-12-03T18:49:01.000Z,chris.osullivan;eva.jordison,,CHL12858,,,,GF/F,10,720001154,2019-05-09T07:00:00.000Z,2.35049298023632,1.7404703427818,0.00050771033855026,5412.38,4140.06,,1,0.06073391970484515,AV,0.06073391970484515,0.0856014337889478,AV,0.0856014337889478,HAKAI,Results,Technicianmr,,1: Event Metadata QCd by EJ2: Chlorophyll metadata QCd by EJ
,1664062,1,2019-11-28,CALVERT,HAKAI,OCEANOGRAPHY,QCS_V1,1,QCS01,51.705,-128.2384,,,,30,29.3906589,250,2019-11-28T22:12:56.000Z,2019-11-28T23:57:31.000Z,2019-12-03T18:49:41.000Z,chris.osullivan;eva.jordison,,CHL12859,,,,Bulk GF/F,10,720001154,2019-05-09T07:00:00.000Z,2.35049298023632,1.7404703427818,0.00050771033855026,16770.72,12833.64,,1,0.18793566130497968,AV,0.18793566130497968,0.26568463550523097,AV,0.26568463550523097,HAKAI,Results,Technicianmr,,1: Event Metadata QCd by EJ2: Chlorophyll metadata QCd by EJ
,1664062,1,2019-11-28,CALVERT,HAKAI,OCEANOGRAPHY,QCS_V1,1,QCS01,51.705,-128.2384,,,,115,106.5060622,250,2019-11-28T22:12:56.000Z,2019-11-28T23:57:31.000Z,2019-12-03T19:25:42.000Z,chris.osullivan;eva.jordison,,CHL12860,,,,Bulk GF/F,10,720001154,2019-05-09T07:00:00.000Z,2.35049298023632,1.7404703427818,0.00050771033855026,5439.69,4857.28,,1,0.027801215240897622,AV,0.027801215240897622,0.1438851337053327,AV,0.1438851337053327,HAKAI,Results,Technicianmr,,1: Event Metadata QCd by EJ2: Chlorophyll metadata QCd by EJ
,4589182,1,2020-05-01,CALVERT,HAKAI,OCEANOGRAPHY,QCS_V1,1,QCS01,51.705,-128.2384,,,,0,,250,2020-05-01T17:23:17.000Z,2020-05-01T20:20:32.000Z,2020-09-02T17:15:33.000Z,chris.osullivan,,CHL12923,,,,20um,10,720001154,2019-05-09T07:00:00.000Z,2.35049298023632,1.7404703427818,0.00050771033855026,286255.71,179356.46,,1,5.102812551880162,,,1.2367552262426964,,,HAKAI,Results,Technicianm,,1: Event Metadata QCd by EJ2: Chlorophyll metadata QCd by EJ
,4589182,1,2020-05-01,CALVERT,HAKAI,OCEANOGRAPHY,QCS_V1,1,QCS01,51.705,-128.2384,,,,0,,250,2020-05-01T17:23:17.000Z,2020-05-01T20:20:32.000Z,2020-09-02T17:16:39.000Z,chris.osullivan,,CHL12924,,,,3um,10,720001154,2019-05-09T07:00:00.000Z,2.35049298023632,1.7404703427818,0.00050771033855026,32062.8,23994.72,,1,0.3851280518205067,,,0.46299391578010385,,,HAKAI,Results,Technicianm,,1: Event Metadata QCd by EJ2: Chlorophyll metadata QCd by EJ
,4589182,1,2020-05-01,CALVERT,HAKAI,OCEANOGRAPHY,QCS_V1,1,QCS01,51.705,-128.2384,,,,0,,250,2020-05-01T17:23:17.000Z,2020-05-01T20:20:32.000Z,2020-09-02T17:17:22.000Z,chris.osullivan,,CHL12925,,,,GF/F,10,720001154,2019-05-09T07:00:00.000Z,2.35049298023632,1.7404703427818,0.00050771033855026,10674.89,8532.04,,1,0.10228848075918592,,,0.1992866387857437,,,HAKAI,Results,Technicianm,,1: Event Metadata QCd by EJ2: Chlorophyll metadata QCd by EJ
,4589182,1,2020-05-01,CALVERT,HAKAI,OCEANOGRAPHY,QCS_V1,1,QCS01,51.705,-128.2384,,,,0,,250,2020-05-01T17:23:17.000Z,2020-05-01T20:20:32.000Z,2020-09-02T17:18:06.000Z,chris.osullivan,,CHL12926,,,,Bulk GF/F,10,720001154,2019-05-09T07:00:00.000Z,2.35049298023632,1.7404703427818,0.00050771033855026,350928.37,220885.14,,1,6.207585425819534,,,1.5998630274458656,,,HAKAI,Results,Technicianm,,1: Event Metadata QCd by EJ2: Chlorophyll metadata QCd by EJ
,4589182,1,2020-05-01,CALVERT,HAKAI,OCEANOGRAPHY,QCS_V1,1,QCS01,51.705,-128.2384,,,,5,5.9573639,250,2020-05-01T17:23:17.000Z,2020-05-01T20:20:32.000Z,2020-09-02T17:18:44.000Z,chris.osullivan,,CHL12927,,,,20um,10,720001154,2019-05-09T07:00:00.000Z,2.35049298023632,1.7404703427818,0.00050771033855026,311724.71,197390.5,,1,5.457718757589996,,,1.519283651509516,,,HAKAI,Results,Technicianm,,1: Event Metadata QCd by EJ2: Chlorophyll metadata QCd by EJ
,4589182,1,2020-05-01,CALVERT,HAKAI,OCEANOGRAPHY,QCS_V1,1,QCS01,51.705,-128.2384,,,,5,5.9573639,250,2020-05-01T17:23:17.000Z,2020-05-01T20:20:32.000Z,2020-09-02T17:19:24.000Z,chris.osullivan,,CHL12928,,,,3um,10,720001154,2019-05-09T07:00:00.000Z,2.35049298023632,1.7404703427818,0.00050771033855026,31113.35,23092.85,,1,0.3828568308229931,,,0.4333874670686162,,,HAKAI,Results,Technicianm,,1: Event Metadata QCd by EJ2: Chlorophyll metadata QCd by EJ
,4589182,1,2020-05-01,CALVERT,HAKAI,OCEANOGRAPHY,QCS_V1,1,QCS01,51.705,-128.2384,,,,5,5.9573639,250,2020-05-01T17:23:17.000Z,2020-05-01T20:20:32.000Z,2020-09-02T17:20:04.000Z,chris.osullivan,,CHL12929,,,,GF/F,10,720001154,2019-05-09T07:00:00.000Z,2.35049298023632,1.7404703427818,0.00050771033855026,9397.69,7780.62,,1,0.07719048630620752,,,0.197824798037709,,,HAKAI,Results,Technicianm,,1: Event Metadata QCd by EJ2: Chlorophyll metadata QCd by EJ
,4589182,1,2020-05-01,CALVERT,HAKAI,OCEANOGRAPHY,QCS_V1,1,QCS01,51.705,-128.2384,,,,5,5.9573639,250,2020-05-01T17:23:17.000Z,2020-05-01T20:20:32.000Z,2020-09-02T17:20:47.000Z,chris.osullivan,,CHL12930,,,,Bulk GF/F,10,720001154,2019-05-09T07:00:00.000Z,2.35049298023632,1.7404703427818,0.00050771033855026,506085.56,326580.25,,1,8.56864710460681,,,2.9747209450932615,,,HAKAI,Results,Technicianm,,1: Event Metadata QCd by EJ2: Chlorophyll metadata QCd by EJ
,4589182,1,2020-05-01,CALVERT,HAKAI,OCEANOGRAPHY,QCS_V1,1,QCS01,51.705,-128.2384,,,,10,,250,2020-05-01T17:23:17.000Z,2020-05-01T20:20:32.000Z,2020-09-02T17:21:27.000Z,chris.osullivan,,CHL12931,,,,20um,10,720001154,2019-05-09T07:00:00.000Z,2.35049298023632,1.7404703427818,0.00050771033855026,262822.78,167013.57,,1,4.573431893803955,,,1.3298617309769243,,,HAKAI,Results,Technicianm,,1: Event Metadata QCd by EJ2: Chlorophyll metadata QCd by EJ
,4589182,1,2020-05-01,CALVERT,HAKAI,OCEANOGRAPHY,QCS_V1,1,QCS01,51.705,-128.2384,,,,10,,250,2020-05-01T17:23:17.000Z,2020-05-01T20:20:32.000Z,2020-09-02T17:22:06.000Z,chris.osullivan,,CHL12932,,,,3um,10,720001154,2019-05-09T07:00:00.000Z,2.35049298023632,1.7404703427818,0.00050771033855026,30197.51,22622.03,,1,0.3616138974830706,,,0.43798870653648203,,,HAKAI,Results,Technicianm,,1: Event Metadata QCd by EJ2: Chlorophyll metadata QCd by EJ
,4589182,1,2020-05-01,CALVERT,HAKAI,OCEANOGRAPHY,QCS_V1,1,QCS01,51.705,-128.2384,,,,10,,250,2020-05-01T17:23:17.000Z,2020-05-01T20:20:32.000Z,2020-09-02T17:22:55.000Z,chris.osullivan,,CHL12933,,,,GF/F,10,720001154,2019-05-09T07:00:00.000Z,2.35049298023632,1.7404703427818,0.00050771033855026,12597.79,10288.07,,1,0.11025398407686349,,,0.2533901080906138,,,HAKAI,Results,Technicianm,,1: Event Metadata QCd by EJ2: Chlorophyll metadata QCd by EJ
,4589182,1,2020-05-01,CALVERT,HAKAI,OCEANOGRAPHY,QCS_V1,1,QCS01,51.705,-128.2384,,,,10,,250,2020-05-01T17:23:17.000Z,2020-05-01T20:20:32.000Z,2020-09-02T17:23:33.000Z,chris.osullivan,,CHL12934,,,,Bulk GF/F,10,720001154,2019-05-09T07:00:00.000Z,2.35049298023632,1.7404703427818,0.00050771033855026,349766.15,227676.09,,1,5.827942577967592,,,2.219540094320879,,,HAKAI,Results,Technicianm,,1: Event Metadata QCd by EJ2: Chlorophyll metadata QCd by EJ
,4589182,1,2020-05-01,CALVERT,HAKAI,OCEANOGRAPHY,QCS_V1,1,QCS01,51.705,-128.2384,,,,20,,250,2020-05-01T17:23:17.000Z,2020-05-01T20:20:32.000Z,2020-09-02T17:24:09.000Z,chris.osullivan,,CHL12935,,,,20um,10,720001154,2019-05-09T07:00:00.000Z,2.35049298023632,1.7404703427818,0.00050771033855026,265965.9,167772.51,,1,4.687240209858011,,,1.2428790534838028,,,HAKAI,Results,Technicianm,,1: Event Metadata QCd by EJ2: Chlorophyll metadata QCd by EJ
,4589182,1,2020-05-01,CALVERT,HAKAI,OCEANOGRAPHY,QCS_V1,1,QCS01,51.705,-128.2384,,,,20,,250,2020-05-01T17:23:17.000Z,2020-05-01T20:20:32.000Z,2020-09-02T17:24:49.000Z,chris.osullivan,,CHL12936,,,,3um,10,720001154,2019-05-09T07:00:00.000Z,2.35049298023632,1.7404703427818,0.00050771033855026,24004.6,16937.69,,1,0.3373374186536149,,,0.2613454152952366,,,HAKAI,Results,Technicianm,,1: Event Metadata QCd by EJ2: Chlorophyll metadata QCd by EJ
,4589182,1,2020-05-01,CALVERT,HAKAI,OCEANOGRAPHY,QCS_V1,1,QCS01,51.705,-128.2384,,,,20,,250,2020-05-01T17:23:17.000Z,2020-05-01T20:20:32.000Z,2020-09-02T17:25:30.000Z,chris.osullivan,,CHL12937,,,,GF/F,10,720001154,2019-05-09T07:00:00.000Z,2.35049298023632,1.7404703427818,0.00050771033855026,15613.48,11588.51,,1,0.19213107142417835,,,0.21747862199001247,,,HAKAI,Results,Technicianm,,1: Event Metadata QCd by EJ2: Chlorophyll metadata QCd by EJ
,4589182,1,2020-05-01,CALVERT,HAKAI,OCEANOGRAPHY,QCS_V1,1,QCS01,51.705,-128.2384,,,,20,,250,2020-05-01T17:23:17.000Z,2020-05-01T20:20:32.000Z,2020-09-02T17:26:11.000Z,chris.osullivan,,CHL12938,,,,Bulk GF/F,10,720001154,2019-05-09T07:00:00.000Z,2.35049298023632,1.7404703427818,0.00050771033855026,371829.65,240380.07,,1,6.274717238552894,,,2.221802743358646,,,HAKAI,Results,Technicianm,,1: Event Metadata QCd by EJ2: Chlorophyll metadata QCd by EJ
,4589182,1,2020-05-01,CALVERT,HAKAI,OCEANOGRAPHY,QCS_V1,1,QCS01,51.705,-128.2384,,,,30,29.8741052,250,2020-05-01T17:23:17.000Z,2020-05-01T20:20:32.000Z,2020-09-02T17:26:52.000Z,chris.osullivan,,CHL12939,,,,20um,10,720001154,2019-05-09T07:00:00.000Z,2.35049298023632,1.7404703427818,0.00050771033855026,177407.65,112832.59,,1,3.082476506677218,,,0.9057258245136841,,,HAKAI,Results,Technicianm,,1: Event Metadata QCd by EJ2: Chlorophyll metadata QCd by EJ
,4589182,1,2020-05-01,CALVERT,HAKAI,OCEANOGRAPHY,QCS_V1,1,QCS01,51.705,-128.2384,,,,30,29.8741052,250,2020-05-01T17:23:17.000Z,2020-05-01T20:20:32.000Z,2020-09-02T17:27:31.000Z,chris.osullivan,,CHL12940,,,,3um,10,720001154,2019-05-09T07:00:00.000Z,2.35049298023632,1.7404703427818,0.00050771033855026,30862.64,21792.68,,1,0.4329525766836623,,,0.33733566343293286,,,HAKAI,Results,Technicianm,,1: Event Metadata QCd by EJ2: Chlorophyll metadata QCd by EJ
,4589182,1,2020-05-01,CALVERT,HAKAI,OCEANOGRAPHY,QCS_V1,1,QCS01,51.705,-128.2384,,,,30,29.8741052,250,2020-05-01T17:23:17.000Z,2020-05-01T20:20:32.000Z,2020-09-02T17:28:10.000Z,chris.osullivan,,CHL12941,,,,GF/F,10,720001154,2019-05-09T07:00:00.000Z,2.35049298023632,1.7404703427818,0.00050771033855026,13682.23,10444.75,,1,0.1545404067892056,,,0.2146417266591729,,,HAKAI,Results,Technicianm,,1: Event Metadata QCd by EJ2: Chlorophyll metadata QCd by EJ
,4589182,1,2020-05-01,CALVERT,HAKAI,OCEANOGRAPHY,QCS_V1,1,QCS01,51.705,-128.2384,,,,30,29.8741052,250,2020-05-01T17:23:17.000Z,2020-05-01T20:20:32.000Z,2020-09-02T17:28:52.000Z,chris.osullivan,,CHL12942,,,,Bulk GF/F,10,720001154,2019-05-09T07:00:00.000Z,2.35049298023632,1.7404703427818,0.00050771033855026,179687.25,117920.79,,1,2.9484085938227254,,,1.219642228850695,,,HAKAI,Results,Technicianm,,1: Event Metadata QCd by EJ2: Chlorophyll metadata QCd by EJ
,4589182,1,2020-05-01,CALVERT,HAKAI,OCEANOGRAPHY,QCS_V1,1,QCS01,51.705,-128.2384,,,,115,109.1541379,250,2020-05-01T17:23:17.000Z,2020-05-01T20:20:32.000Z,2020-09-02T18:42:27.000Z,chris.osullivan,,CHL12943,,,,Bulk GF/F,10,720001154,2019-05-09T07:00:00.000Z,2.35049298023632,1.7404703427818,0.00050771033855026,34914.16,28384.96,,1,0.3116699482338366,,,0.6916302830447373,,,HAKAI,Results,Technicianm,,1: Event Metadata QCd by EJ2: Chlorophyll metadata QCd by EJ
,5201919,1,2020-06-08,CALVERT,HAKAI,OCEANOGRAPHY,QCS_V1,2,QCS01,51.705,-128.2384,,,,0,,250,2020-06-08T16:11:05.000Z,2020-06-08T22:14:39.000Z,2020-09-02T17:50:42.000Z,chris.osullivan,,CHL13039,,,,20um,10,720001154,2019-05-09T07:00:00.000Z,2.35049298023632,1.7404703427818,0.00050771033855026,149743.5,99589.54,,1,2.39408842077466,,,1.1260225293526875,,,HAKAI,Results,Technicianm,,1: CHL metadata QCd by EJ2: Event metadata QCd by EJ
,5201919,1,2020-06-08,CALVERT,HAKAI,OCEANOGRAPHY,QCS_V1,2,QCS01,51.705,-128.2384,,,,0,,250,2020-06-08T16:11:05.000Z,2020-06-08T22:14:39.000Z,2020-09-02T17:51:20.000Z,chris.osullivan,,CHL13040,,,,3um,10,720001154,2019-05-09T07:00:00.000Z,2.35049298023632,1.7404703427818,0.00050771033855026,157844.09,101665.21,,1,2.6816866724001285,,,0.9117913069940586,,,HAKAI,Results,Technicianm,,1: CHL metadata QCd by EJ2: Event metadata QCd by EJ
,5201919,1,2020-06-08,CALVERT,HAKAI,OCEANOGRAPHY,QCS_V1,2,QCS01,51.705,-128.2384,,,,0,,250,2020-06-08T16:11:05.000Z,2020-06-08T22:14:39.000Z,,chris.osullivan,,CHL13041,,,,GF/F,,,,,,,,,,,,,,,,,,Collected,Technicianm,,1: CHL metadata QCd by EJ2: Event metadata QCd by EJ
,5201919,1,2020-06-08,CALVERT,HAKAI,OCEANOGRAPHY,QCS_V1,2,QCS01,51.705,-128.2384,,,,0,,250,2020-06-08T16:11:05.000Z,2020-06-08T22:14:39.000Z,2020-09-17T17:32:17.000Z,chris.osullivan,,CHL13042,,,,Bulk GF/F,10,720001154,2019-05-09T07:00:00.000Z,2.35049298023632,1.7404703427818,0.00050771033855026,281773.87,176363.68,,1,5.0317325952059795,,,1.202051807982908,,,HAKAI,Results,Technicianm,,1: CHL metadata QCd by EJ2: Event metadata QCd by EJ
,5201919,1,2020-06-08,CALVERT,HAKAI,OCEANOGRAPHY,QCS_V1,2,QCS01,51.705,-128.2384,,,,5,6.3947855,250,2020-06-08T16:11:05.000Z,2020-06-08T22:14:39.000Z,2020-09-02T17:52:02.000Z,chris.osullivan,,CHL13043,,,,20um,10,720001154,2019-05-09T07:00:00.000Z,2.35049298023632,1.7404703427818,0.00050771033855026,167871.48,107156.4,,1,2.8982211971777936,,,0.889349435402959,,,HAKAI,Results,Technicianm,,1: CHL metadata QCd by EJ2: Event metadata QCd by EJ
,5201919,1,2020-06-08,CALVERT,HAKAI,OCEANOGRAPHY,QCS_V1,2,QCS01,51.705,-128.2384,,,,5,6.3947855,250,2020-06-08T16:11:05.000Z,2020-06-08T22:14:39.000Z,2020-09-02T17:52:41.000Z,chris.osullivan,,CHL13044,,,,3um,10,720001154,2019-05-09T07:00:00.000Z,2.35049298023632,1.7404703427818,0.00050771033855026,38703.75,25168.67,,1,0.6460941130522632,,,0.24352251603490477,,,HAKAI,Results,Technicianm,,1: CHL metadata QCd by EJ2: Event metadata QCd by EJ
,5201919,1,2020-06-08,CALVERT,HAKAI,OCEANOGRAPHY,QCS_V1,2,QCS01,51.705,-128.2384,,,,5,6.3947855,250,2020-06-08T16:11:05.000Z,2020-06-08T22:14:39.000Z,2020-09-02T17:53:20.000Z,chris.osullivan,,CHL13045,,,,GF/F,10,720001154,2019-05-09T07:00:00.000Z,2.35049298023632,1.7404703427818,0.00050771033855026,19188.89,13360.86,,1,0.27819975010801423,,,0.19405576577365866,,,HAKAI,Results,Technicianm,,1: CHL metadata QCd by EJ2: Event metadata QCd by EJ
,5201919,1,2020-06-08,CALVERT,HAKAI,OCEANOGRAPHY,QCS_V1,2,QCS01,51.705,-128.2384,,,,5,6.3947855,250,2020-06-08T16:11:05.000Z,2020-06-08T22:14:39.000Z,2020-09-02T17:54:09.000Z,chris.osullivan,,CHL13046,,,,Bulk GF/F,10,720001154,2019-05-09T07:00:00.000Z,2.35049298023632,1.7404703427818,0.00050771033855026,189521.73,119811.77,,1,3.327589846318511,,,0.907299917517525,,,HAKAI,Results,Technicianm,,1: CHL metadata QCd by EJ2: Event metadata QCd by EJ
,5201919,1,2020-06-08,CALVERT,HAKAI,OCEANOGRAPHY,QCS_V1,2,QCS01,51.705,-128.2384,,,,10,,250,2020-06-08T16:11:05.000Z,2020-06-08T22:14:39.000Z,2020-09-02T17:54:51.000Z,chris.osullivan,,CHL13047,,,,20um,10,720001154,2019-05-09T07:00:00.000Z,2.35049298023632,1.7404703427818,0.00050771033855026,123013.05,78623.48,,1,2.1189265122866914,,,0.6601140665242824,,,HAKAI,Results,Technicianm,,1: CHL metadata QCd by EJ2: Event metadata QCd by EJ
,5201919,1,2020-06-08,CALVERT,HAKAI,OCEANOGRAPHY,QCS_V1,2,QCS01,51.705,-128.2384,,,,10,,250,2020-06-08T16:11:05.000Z,2020-06-08T22:14:39.000Z,2020-09-02T17:55:35.000Z,chris.osullivan,,CHL13048,,,,3um,10,720001154,2019-05-09T07:00:00.000Z,2.35049298023632,1.7404703427818,0.00050771033855026,32685.84,21670.16,,1,0.5258310995773615,,,0.24012652515924915,,,HAKAI,Results,Technicianm,,1: CHL metadata QCd by EJ2: Event metadata QCd by EJ
,5201919,1,2020-06-08,CALVERT,HAKAI,OCEANOGRAPHY,QCS_V1,2,QCS01,51.705,-128.2384,,,,10,,250,2020-06-08T16:11:05.000Z,2020-06-08T22:14:39.000Z,2020-09-02T17:56:17.000Z,chris.osullivan,,CHL13049,,,,GF/F,10,720001154,2019-05-09T07:00:00.000Z,2.35049298023632,1.7404703427818,0.00050771033855026,26196.06,18717.96,,1,0.3569654842687395,,,0.30464311398410626,,,HAKAI,Results,Technicianm,,1: CHL metadata QCd by EJ2: Event metadata QCd by EJ
,5201919,1,2020-06-08,CALVERT,HAKAI,OCEANOGRAPHY,QCS_V1,2,QCS01,51.705,-128.2384,,,,10,,250,2020-06-08T16:11:05.000Z,2020-06-08T22:14:39.000Z,2020-09-02T17:56:58.000Z,chris.osullivan,,CHL13050,,,,Bulk GF/F,10,720001154,2019-05-09T07:00:00.000Z,2.35049298023632,1.7404703427818,0.00050771033855026,112216.4,72039.33,,1,1.9178437369183405,,,0.6284722152673778,,,HAKAI,Results,Technicianm,,1: CHL metadata QCd by EJ2: Event metadata QCd by EJ
,5201919,1,2020-06-08,CALVERT,HAKAI,OCEANOGRAPHY,QCS_V1,2,QCS01,51.705,-128.2384,,,,20,,250,2020-06-08T16:11:05.000Z,2020-06-08T22:14:39.000Z,2020-09-02T17:58:37.000Z,chris.osullivan,,CHL13051,,,,20um,10,720001154,2019-05-09T07:00:00.000Z,2.35049298023632,1.7404703427818,0.00050771033855026,92984.74,61292.23,,1,1.5128351024781517,,,0.6536117952655671,,,HAKAI,Results,Technicianm,,1: CHL metadata QCd by EJ2: Event metadata QCd by EJ
,5201919,1,2020-06-08,CALVERT,HAKAI,OCEANOGRAPHY,QCS_V1,2,QCS01,51.705,-128.2384,,,,20,,250,2020-06-08T16:11:05.000Z,2020-06-08T22:14:39.000Z,2020-09-02T17:59:22.000Z,chris.osullivan,,CHL13052,,,,3um,10,720001154,2019-05-09T07:00:00.000Z,2.35049298023632,1.7404703427818,0.00050771033855026,40357.23,27378.46,,1,0.6195387756599386,,,0.3481855138952054,,,HAKAI,Results,Technicianm,,1: CHL metadata QCd by EJ2: Event metadata QCd by EJ
,5201919,1,2020-06-08,CALVERT,HAKAI,OCEANOGRAPHY,QCS_V1,2,QCS01,51.705,-128.2384,,,,20,,250,2020-06-08T16:11:05.000Z,2020-06-08T22:14:39.000Z,2020-09-02T18:00:09.000Z,chris.osullivan,,CHL13053,,,,GF/F,10,720001154,2019-05-09T07:00:00.000Z,2.35049298023632,1.7404703427818,0.00050771033855026,20355.54,14826.29,,1,0.2639375515027784,,,0.26011533375769796,,,HAKAI,Results,Technicianm,,1: CHL metadata QCd by EJ2: Event metadata QCd by EJ
,5201919,1,2020-06-08,CALVERT,HAKAI,OCEANOGRAPHY,QCS_V1,2,QCS01,51.705,-128.2384,,,,20,,250,2020-06-08T16:11:05.000Z,2020-06-08T22:14:39.000Z,2020-09-02T18:00:53.000Z,chris.osullivan,,CHL13054,,,,Bulk GF/F,10,720001154,2019-05-09T07:00:00.000Z,2.35049298023632,1.7404703427818,0.00050771033855026,114844.21,76697.82,,1,1.8209096668210105,,,0.8900661649068643,,,HAKAI,Results,Technicianm,,1: CHL metadata QCd by EJ2: Event metadata QCd by EJ
,5201919,1,2020-06-08,CALVERT,HAKAI,OCEANOGRAPHY,QCS_V1,2,QCS01,51.705,-128.2384,,,,30,31.3389486,250,2020-06-08T16:11:05.000Z,2020-06-08T22:14:39.000Z,2020-09-02T18:01:32.000Z,chris.osullivan,,CHL13055,,,,20um,10,720001154,2019-05-09T07:00:00.000Z,2.35049298023632,1.7404703427818,0.00050771033855026,46336.99,33601.66,,1,0.6079182199719455,,,0.579772488394176,,,HAKAI,Results,Technicianm,,1: CHL metadata QCd by EJ2: Event metadata QCd by EJ
,5201919,1,2020-06-08,CALVERT,HAKAI,OCEANOGRAPHY,QCS_V1,2,QCS01,51.705,-128.2384,,,,30,31.3389486,250,2020-06-08T16:11:05.000Z,2020-06-08T22:14:39.000Z,2020-09-02T18:02:11.000Z,chris.osullivan,,CHL13056,,,,3um,10,720001154,2019-05-09T07:00:00.000Z,2.35049298023632,1.7404703427818,0.00050771033855026,28076.37,20063.42,,1,0.38249643320779286,,,0.3266690518321425,,,HAKAI,Results,Technicianm,,1: CHL metadata QCd by EJ2: Event metadata QCd by EJ
,5201919,1,2020-06-08,CALVERT,HAKAI,OCEANOGRAPHY,QCS_V1,2,QCS01,51.705,-128.2384,,,,30,31.3389486,250,2020-06-08T16:11:05.000Z,2020-06-08T22:14:39.000Z,2020-09-02T18:02:55.000Z,chris.osullivan,,CHL13057,,,,GF/F,10,720001154,2019-05-09T07:00:00.000Z,2.35049298023632,1.7404703427818,0.00050771033855026,14821.25,11651.74,,1,0.151295873556734,,,0.2605487595446623,,,HAKAI,Results,Technicianm,,1: CHL metadata QCd by EJ2: Event metadata QCd by EJ
,5201919,1,2020-06-08,CALVERT,HAKAI,OCEANOGRAPHY,QCS_V1,2,QCS01,51.705,-128.2384,,,,30,31.3389486,250,2020-06-08T16:11:05.000Z,2020-06-08T22:14:39.000Z,2020-09-02T18:03:44.000Z,chris.osullivan,,CHL13058,,,,Bulk GF/F,10,720001154,2019-05-09T07:00:00.000Z,2.35049298023632,1.7404703427818,0.00050771033855026,66004.9,48809.41,,1,0.820822991814534,,,0.9044037600135738,,,HAKAI,Results,Technicianm,,1: CHL metadata QCd by EJ2: Event metadata QCd by EJ
,5201919,1,2020-06-08,CALVERT,HAKAI,OCEANOGRAPHY,QCS_V1,2,QCS01,51.705,-128.2384,,,,115,112.4762248,250,2020-06-08T16:11:05.000Z,2020-06-08T22:14:39.000Z,2020-09-02T18:40:26.000Z,chris.osullivan,,CHL13059,,,,Bulk GF/F,10,720001154,2019-05-09T07:00:00.000Z,2.35049298023632,1.7404703427818,0.00050771033855026,4848.06,4505.2,,1,0.01636634786060363,,,0.1428753139897647,,,HAKAI,Results,Technicianm,,1: CHL metadata QCd by EJ2: Event metadata QCd by EJ
,6411866,1,2020-07-05,CALVERT,HAKAI,OCEANOGRAPHY,QCS_V1,1,QCS01,51.705,-128.2384,,,,0,,250,2020-07-05T16:53:34.000Z,2020-07-05T19:53:09.000Z,2020-08-25T18:29:40.000Z,chris.mackenzie,,CHL13125,,,,20um,10,720001154,2019-05-09T07:00:00.000Z,2.35049298023632,1.7404703427818,0.00050771033855026,391178.59,270073.25,,1,5.7809371819887865,,,3.765123625817745,,,HAKAI,Results,Technicianm,,1: events qcd by cm2: CHL metadata QC'd by CO
,6411866,1,2020-07-05,CALVERT,HAKAI,OCEANOGRAPHY,QCS_V1,1,QCS01,51.705,-128.2384,,,,0,,250,2020-07-05T16:53:34.000Z,2020-07-05T19:53:09.000Z,2020-08-25T18:25:15.000Z,chris.mackenzie,,CHL13126,,,,3um,10,720001154,2019-05-09T07:00:00.000Z,2.35049298023632,1.7404703427818,0.00050771033855026,51489.4,34849.55,,1,0.7942996367271343,,,0.4374992305234881,,,HAKAI,Results,Technicianm,,1: events qcd by cm2: CHL metadata QC'd by CO
,6411866,1,2020-07-05,CALVERT,HAKAI,OCEANOGRAPHY,QCS_V1,1,QCS01,51.705,-128.2384,,,,0,,250,2020-07-05T16:53:34.000Z,2020-07-05T19:53:09.000Z,2020-08-25T18:30:59.000Z,chris.mackenzie,,CHL13127,,,,GF/F,10,720001154,2019-05-09T07:00:00.000Z,2.35049298023632,1.7404703427818,0.00050771033855026,35740.81,25361.34,,1,0.49546175298576545,,,0.40096502681362645,,,HAKAI,Results,Technicianm,,1: events qcd by cm2: CHL metadata QC'd by CO
,6411866,1,2020-07-05,CALVERT,HAKAI,OCEANOGRAPHY,QCS_V1,1,QCS01,51.705,-128.2384,,,,0,,250,2020-07-05T16:53:34.000Z,2020-07-05T19:53:09.000Z,2020-08-25T18:33:36.000Z,chris.mackenzie,,CHL13128,,,,Bulk GF/F,10,720001154,2019-05-09T07:00:00.000Z,2.35049298023632,1.7404703427818,0.00050771033855026,564408.43,366266.71,,1,9.458252100619271,,,3.4878811633572275,,,HAKAI,Results,Technicianm,,1: events qcd by cm2: CHL metadata QC'd by CO
,6411866,1,2020-07-05,CALVERT,HAKAI,OCEANOGRAPHY,QCS_V1,1,QCS01,51.705,-128.2384,,,,5,5.4115741,250,2020-07-05T16:53:34.000Z,2020-07-05T19:53:09.000Z,2020-08-25T18:32:55.000Z,chris.mackenzie,,CHL13130,,,,3um,10,720001154,2019-05-09T07:00:00.000Z,2.35049298023632,1.7404703427818,0.00050771033855026,445303.5,291864.78,,1,7.3243640751495045,,,2.9919443246534247,,,HAKAI,Results,Technicianm,,1: events qcd by cm2: CHL metadata QC'd by CO
,6411866,1,2020-07-05,CALVERT,HAKAI,OCEANOGRAPHY,QCS_V1,1,QCS01,51.705,-128.2384,,,,5,5.4115741,250,2020-07-05T16:53:34.000Z,2020-07-05T19:53:09.000Z,2020-08-25T18:32:13.000Z,chris.mackenzie,,CHL13131,,,,GF/F,10,720001154,2019-05-09T07:00:00.000Z,2.35049298023632,1.7404703427818,0.00050771033855026,54053.61,37363.77,,1,0.7966858985528112,,,0.523981070237683,,,HAKAI,Results,Technicianm,,1: events qcd by cm2: CHL metadata QC'd by CO
,6411866,1,2020-07-05,CALVERT,HAKAI,OCEANOGRAPHY,QCS_V1,1,QCS01,51.705,-128.2384,,,,5,5.4115741,250,2020-07-05T16:53:34.000Z,2020-07-05T19:53:09.000Z,2020-08-25T18:30:21.000Z,chris.mackenzie,,CHL13132,,,,Bulk GF/F,10,720001154,2019-05-09T07:00:00.000Z,2.35049298023632,1.7404703427818,0.00050771033855026,478914.93,303740.15,,1,8.361930192745469,,,2.3741273089592636,,,HAKAI,Results,Technicianm,,1: events qcd by cm2: CHL metadata QC'd by CO
,6411866,1,2020-07-05,CALVERT,HAKAI,OCEANOGRAPHY,QCS_V1,1,QCS01,51.705,-128.2384,,,,10,,250,2020-07-05T16:53:34.000Z,2020-07-05T19:53:09.000Z,2020-08-25T18:35:07.000Z,chris.mackenzie,,CHL13133,,,,20um,10,720001154,2019-05-09T07:00:00.000Z,2.35049298023632,1.7404703427818,0.00050771033855026,348497.43,220494.18,,1,6.1102074222359315,,,1.6834220840089082,,,HAKAI,Results,Technicianm,,1: events qcd by cm2: CHL metadata QC'd by CO
,6411866,1,2020-07-05,CALVERT,HAKAI,OCEANOGRAPHY,QCS_V1,1,QCS01,51.705,-128.2384,,,,10,,250,2020-07-05T16:53:34.000Z,2020-07-05T19:53:09.000Z,2020-08-25T18:28:52.000Z,chris.mackenzie,,CHL13134,,,,3um,10,720001154,2019-05-09T07:00:00.000Z,2.35049298023632,1.7404703427818,0.00050771033855026,54210.57,36237.62,,1,0.8579348765713003,,,0.4229269786853246,,,HAKAI,Results,Technicianm,,1: events qcd by cm2: CHL metadata QC'd by CO
,6411866,1,2020-07-05,CALVERT,HAKAI,OCEANOGRAPHY,QCS_V1,1,QCS01,51.705,-128.2384,,,,10,,250,2020-07-05T16:53:34.000Z,2020-07-05T19:53:09.000Z,2020-08-25T18:58:44.000Z,chris.mackenzie,,CHL13135,,,,GF/F,10,720001154,2019-05-09T07:00:00.000Z,2.35049298023632,1.7404703427818,0.00050771033855026,34388.25,24099.61,,1,0.4911260026031643,,,0.36070342702165953,,,HAKAI,Results,Technicianm,,1: events qcd by cm2: CHL metadata QC'd by CO
,6411866,1,2020-07-05,CALVERT,HAKAI,OCEANOGRAPHY,QCS_V1,1,QCS01,51.705,-128.2384,,,,10,,250,2020-07-05T16:53:34.000Z,2020-07-05T19:53:09.000Z,2020-08-25T18:56:57.000Z,chris.mackenzie,,CHL13136,,,,Bulk GF/F,10,720001154,2019-05-09T07:00:00.000Z,2.35049298023632,1.7404703427818,0.00050771033855026,367477.34,235074.53,,1,6.320219466200224,,,1.988769882972789,,,HAKAI,Results,Technicianm,,1: events qcd by cm2: CHL metadata QC'd by CO
,6411866,1,2020-07-05,CALVERT,HAKAI,OCEANOGRAPHY,QCS_V1,1,QCS01,51.705,-128.2384,,,,20,,250,2020-07-05T16:53:34.000Z,2020-07-05T19:53:09.000Z,2020-08-25T19:02:07.000Z,chris.mackenzie,,CHL13137,,,,20um,10,720001154,2019-05-09T07:00:00.000Z,2.35049298023632,1.7404703427818,0.00050771033855026,218290.73,141073.59,,1,3.6859434580905646,,,1.3004706666536199,,,HAKAI,Results,Technicianm,,1: events qcd by cm2: CHL metadata QC'd by CO
,6411866,1,2020-07-05,CALVERT,HAKAI,OCEANOGRAPHY,QCS_V1,1,QCS01,51.705,-128.2384,,,,20,,250,2020-07-05T16:53:34.000Z,2020-07-05T19:53:09.000Z,2020-08-25T18:56:14.000Z,chris.mackenzie,,CHL13138,,,,3um,10,720001154,2019-05-09T07:00:00.000Z,2.35049298023632,1.7404703427818,0.00050771033855026,44023.54,30099.74,,1,0.6646495780828116,,,0.39926159541980893,,,HAKAI,Results,Technicianm,,1: events qcd by cm2: CHL metadata QC'd by CO
,6411866,1,2020-07-05,CALVERT,HAKAI,OCEANOGRAPHY,QCS_V1,1,QCS01,51.705,-128.2384,,,,20,,250,2020-07-05T16:53:34.000Z,2020-07-05T19:53:09.000Z,2020-08-25T18:31:37.000Z,chris.mackenzie,,CHL13139,,,,GF/F,10,720001154,2019-05-09T07:00:00.000Z,2.35049298023632,1.7404703427818,0.00050771033855026,19302.54,13932.27,,1,0.256348675626681,,,0.23610400752790286,,,HAKAI,Results,Technicianm,,1: events qcd by cm2: CHL metadata QC'd by CO
,6411866,1,2020-07-05,CALVERT,HAKAI,OCEANOGRAPHY,QCS_V1,1,QCS01,51.705,-128.2384,,,,20,,250,2020-07-05T16:53:34.000Z,2020-07-05T19:53:09.000Z,2020-08-25T18:34:20.000Z,chris.mackenzie,,CHL13140,,,,Bulk GF/F,10,720001154,2019-05-09T07:00:00.000Z,2.35049298023632,1.7404703427818,0.00050771033855026,279785.06,178801.48,,1,4.820429325348817,,,1.4995220234271303,,,HAKAI,Results,Technicianm,,1: events qcd by cm2: CHL metadata QC'd by CO
,6411866,1,2020-07-05,CALVERT,HAKAI,OCEANOGRAPHY,QCS_V1,1,QCS01,51.705,-128.2384,,,,30,29.5351284,250,2020-07-05T16:53:34.000Z,2020-07-05T19:53:09.000Z,2020-08-25T18:59:19.000Z,chris.mackenzie,,CHL13141,,,,20um,10,720001154,2019-05-09T07:00:00.000Z,2.35049298023632,1.7404703427818,0.00050771033855026,28865.93,22120.76,,1,0.3219792294199025,,,0.4599053891970629,,,HAKAI,Results,Technicianm,,1: events qcd by cm2: CHL metadata QC'd by CO
,6411866,1,2020-07-05,CALVERT,HAKAI,OCEANOGRAPHY,QCS_V1,1,QCS01,51.705,-128.2384,,,,30,29.5351284,250,2020-07-05T16:53:34.000Z,2020-07-05T19:53:09.000Z,2020-08-25T19:02:53.000Z,chris.mackenzie,,CHL13142,,,,3um,10,720001154,2019-05-09T07:00:00.000Z,2.35049298023632,1.7404703427818,0.00050771033855026,25842.86,19052.11,,1,0.32415498085047567,,,0.3492645472850168,,,HAKAI,Results,Technicianm,,1: events qcd by cm2: CHL metadata QC'd by CO
,6411866,1,2020-07-05,CALVERT,HAKAI,OCEANOGRAPHY,QCS_V1,1,QCS01,51.705,-128.2384,,,,30,29.5351284,250,2020-07-05T16:53:34.000Z,2020-07-05T19:53:09.000Z,2020-08-25T18:55:28.000Z,chris.mackenzie,,CHL13143,,,,GF/F,10,720001154,2019-05-09T07:00:00.000Z,2.35049298023632,1.7404703427818,0.00050771033855026,17534.26,13989.97,,1,0.1691859157057074,,,0.32530624269720426,,,HAKAI,Results,Technicianm,,1: events qcd by cm2: CHL metadata QC'd by CO
,6411866,1,2020-07-05,CALVERT,HAKAI,OCEANOGRAPHY,QCS_V1,1,QCS01,51.705,-128.2384,,,,30,29.5351284,250,2020-07-05T16:53:34.000Z,2020-07-05T19:53:09.000Z,2020-08-25T18:25:58.000Z,chris.mackenzie,,CHL13144,,,,Bulk GF/F,10,720001154,2019-05-09T07:00:00.000Z,2.35049298023632,1.7404703427818,0.00050771033855026,53044.13,39574.07,,1,0.6429903974310287,,,0.7558022583850966,,,HAKAI,Results,Technicianm,,1: events qcd by cm2: CHL metadata QC'd by CO
,6411866,1,2020-07-05,CALVERT,HAKAI,OCEANOGRAPHY,QCS_V1,1,QCS01,51.705,-128.2384,,,,100,,250,2020-07-05T16:53:34.000Z,2020-07-05T19:53:09.000Z,2020-08-25T20:36:06.000Z,chris.mackenzie,,CHL13145,,,,Bulk GF/F,10,720001154,2019-05-09T07:00:00.000Z,2.35049298023632,1.7404703427818,0.00050771033855026,15625.02,13189.4,,1,0.11626379331576564,,,0.34993126457494905,,,HAKAI,Results,Technicianm,,1: events qcd by cm2: CHL metadata QC'd by CO
,6411866,1,2020-07-05,CALVERT,HAKAI,OCEANOGRAPHY,QCS_V1,1,QCS01,51.705,-128.2384,,,,115,110.1145282,250,2020-07-05T16:53:34.000Z,2020-07-05T19:53:09.000Z,2020-08-25T20:40:32.000Z,chris.mackenzie,,CHL13146,,,,Bulk GF/F,10,720001154,2019-05-09T07:00:00.000Z,2.35049298023632,1.7404703427818,0.00050771033855026,15714.11,13548.41,,1,0.10337922056148072,,,0.3755054735320442,,,HAKAI,Results,Technicianm,,1: events qcd by cm2: CHL metadata QC'd by CO
,6411866,1,2020-07-05,CALVERT,HAKAI,OCEANOGRAPHY,QCS_V1,1,QCS01,51.705,-128.2384,,,,5,5.4115741,250,2020-07-05T16:53:34.000Z,2020-07-05T19:53:09.000Z,,chris.mackenzie,,CM1194,,,,20um,,,,,,,,,,,,,,,,,,Not Available,Technicianm,,1: events qcd by cm2: CHL metadata QC'd by CO
,8241405,1,2020-09-04,CALVERT,HAKAI,OCEANOGRAPHY,QCS_V1,1,QCS01,51.705,-128.2384,,,,0,,250,2020-09-04T20:07:37.000Z,2020-09-04T23:02:37.000Z,2020-09-17T16:34:05.000Z,chris.osullivan;eva.jordison,,CHL13190,,,,20um,10,720001154,2019-05-09T07:00:00.000Z,2.35049298023632,1.7404703427818,0.00050771033855026,39008.41,25927.44,,1,0.6244172705305963,,,0.2920189882649539,,,HAKAI,Results,Technicianm,,1: Event metadata QCd by EJ2: Chl sample metadata QC'd by CO
,8241405,1,2020-09-04,CALVERT,HAKAI,OCEANOGRAPHY,QCS_V1,1,QCS01,51.705,-128.2384,,,,0,,250,2020-09-04T20:07:37.000Z,2020-09-04T23:02:37.000Z,2020-09-17T16:34:47.000Z,chris.osullivan;eva.jordison,,CHL13191,,,,3um,10,720001154,2019-05-09T07:00:00.000Z,2.35049298023632,1.7404703427818,0.00050771033855026,43434.03,29190,,1,0.6799356877934839,,,0.35181964147319716,,,HAKAI,Results,Technicianm,,1: Event metadata QCd by EJ2: Chl sample metadata QC'd by CO
,8241405,1,2020-09-04,CALVERT,HAKAI,OCEANOGRAPHY,QCS_V1,1,QCS01,51.705,-128.2384,,,,0,,250,2020-09-04T20:07:37.000Z,2020-09-04T23:02:37.000Z,2020-09-17T16:35:29.000Z,chris.osullivan;eva.jordison,,CHL13192,,,,GF/F,10,720001154,2019-05-09T07:00:00.000Z,2.35049298023632,1.7404703427818,0.00050771033855026,25544.99,17149.51,,1,0.40075641992866057,,,0.20541344429923383,,,HAKAI,Results,Technicianm,,1: Event metadata QCd by EJ2: Chl sample metadata QC'd by CO
,8241405,1,2020-09-04,CALVERT,HAKAI,OCEANOGRAPHY,QCS_V1,1,QCS01,51.705,-128.2384,,,,0,,250,2020-09-04T20:07:37.000Z,2020-09-04T23:02:37.000Z,2020-09-17T16:36:12.000Z,chris.osullivan;eva.jordison,,CHL13193,,,,Bulk GF/F,10,720001154,2019-05-09T07:00:00.000Z,2.35049298023632,1.7404703427818,0.00050771033855026,111758.28,73457.32,,1,1.828288032302004,,,0.7681484659387628,,,HAKAI,Results,Technicianm,,1: Event metadata QCd by EJ2: Chl sample metadata QC'd by CO
,8241405,1,2020-09-04,CALVERT,HAKAI,OCEANOGRAPHY,QCS_V1,1,QCS01,51.705,-128.2384,,,,5,6.6905517,250,2020-09-04T20:07:37.000Z,2020-09-04T23:02:37.000Z,2020-09-17T16:36:57.000Z,chris.osullivan;eva.jordison,,CHL13194,,,,20um,10,720001154,2019-05-09T07:00:00.000Z,2.35049298023632,1.7404703427818,0.00050771033855026,41029.63,27589.43,,1,0.6415650367966077,,,0.33361623877482294,,,HAKAI,Results,Technicianm,,1: Event metadata QCd by EJ2: Chl sample metadata QC'd by CO
,8241405,1,2020-09-04,CALVERT,HAKAI,OCEANOGRAPHY,QCS_V1,1,QCS01,51.705,-128.2384,,,,5,6.6905517,250,2020-09-04T20:07:37.000Z,2020-09-04T23:02:37.000Z,2020-09-17T16:37:40.000Z,chris.osullivan;eva.jordison,,CHL13195,,,,3um,10,720001154,2019-05-09T07:00:00.000Z,2.35049298023632,1.7404703427818,0.00050771033855026,46216.12,30899.83,,1,0.7311197867172746,,,0.36107152112563284,,,HAKAI,Results,Technicianm,,1: Event metadata QCd by EJ2: Chl sample metadata QC'd by CO
,8241405,1,2020-09-04,CALVERT,HAKAI,OCEANOGRAPHY,QCS_V1,1,QCS01,51.705,-128.2384,,,,5,6.6905517,250,2020-09-04T20:07:37.000Z,2020-09-04T23:02:37.000Z,2020-09-17T16:38:22.000Z,chris.osullivan;eva.jordison,,CHL13196,,,,GF/F,10,720001154,2019-05-09T07:00:00.000Z,2.35049298023632,1.7404703427818,0.00050771033855026,37338.75,25039.52,,1,0.5871010809005773,,,0.29795058755710163,,,HAKAI,Results,Technicianm,,1: Event metadata QCd by EJ2: Chl sample metadata QC'd by CO
,8241405,1,2020-09-04,CALVERT,HAKAI,OCEANOGRAPHY,QCS_V1,1,QCS01,51.705,-128.2384,,,,5,6.6905517,250,2020-09-04T20:07:37.000Z,2020-09-04T23:02:37.000Z,2020-09-17T16:39:12.000Z,chris.osullivan;eva.jordison,,CHL13197,,,,Bulk GF/F,10,720001154,2019-05-09T07:00:00.000Z,2.35049298023632,1.7404703427818,0.00050771033855026,133650.51,86997.23,,1,2.2269842189760896,,,0.8480365307306307,,,HAKAI,Results,Technicianm,,1: Event metadata QCd by EJ2: Chl sample metadata QC'd by CO
,8241405,1,2020-09-04,CALVERT,HAKAI,OCEANOGRAPHY,QCS_V1,1,QCS01,51.705,-128.2384,,,,10,,250,2020-09-04T20:07:37.000Z,2020-09-04T23:02:37.000Z,2020-09-17T16:39:57.000Z,chris.osullivan;eva.jordison,,CHL13198,,,,20um,10,720001154,2019-05-09T07:00:00.000Z,2.35049298023632,1.7404703427818,0.00050771033855026,14348.09,9983.09,,1,0.20836232984756123,,,0.14450188084270646,,,HAKAI,Results,Technicianm,,1: Event metadata QCd by EJ2: Chl sample metadata QC'd by CO
,8241405,1,2020-09-04,CALVERT,HAKAI,OCEANOGRAPHY,QCS_V1,1,QCS01,51.705,-128.2384,,,,10,,250,2020-09-04T20:07:37.000Z,2020-09-04T23:02:37.000Z,2020-09-17T16:40:39.000Z,chris.osullivan;eva.jordison,,CHL13199,,,,3um,10,720001154,2019-05-09T07:00:00.000Z,2.35049298023632,1.7404703427818,0.00050771033855026,54959.77,36168.24,,1,0.8970096156243623,,,0.38139992086746183,,,HAKAI,Results,Technicianm,,1: Event metadata QCd by EJ2: Chl sample metadata QC'd by CO
,8241405,1,2020-09-04,CALVERT,HAKAI,OCEANOGRAPHY,QCS_V1,1,QCS01,51.705,-128.2384,,,,10,,250,2020-09-04T20:07:37.000Z,2020-09-04T23:02:37.000Z,2020-09-17T16:41:39.000Z,chris.osullivan;eva.jordison,,CHL13200,,,,GF/F,10,720001154,2019-05-09T07:00:00.000Z,2.35049298023632,1.7404703427818,0.00050771033855026,59532.87,40354.14,,1,0.9154925237840361,,,0.5108726356189696,,,HAKAI,Results,Technicianm,,1: Event metadata QCd by EJ2: Chl sample metadata QC'd by CO
,8241405,1,2020-09-04,CALVERT,HAKAI,OCEANOGRAPHY,QCS_V1,1,QCS01,51.705,-128.2384,,,,10,,250,2020-09-04T20:07:37.000Z,2020-09-04T23:02:37.000Z,2020-09-17T16:42:22.000Z,chris.osullivan;eva.jordison,,CHL13201,,,,Bulk GF/F,10,720001154,2019-05-09T07:00:00.000Z,2.35049298023632,1.7404703427818,0.00050771033855026,73142.73,48466.77,,1,1.1779016075200976,,,0.5352141252597069,,,HAKAI,Results,Technicianm,,1: Event metadata QCd by EJ2: Chl sample metadata QC'd by CO
,8241405,1,2020-09-04,CALVERT,HAKAI,OCEANOGRAPHY,QCS_V1,1,QCS01,51.705,-128.2384,,,,20,,250,2020-09-04T20:07:37.000Z,2020-09-04T23:02:37.000Z,2020-09-17T16:43:01.000Z,chris.osullivan;eva.jordison,,CHL13202,,,,20um,10,720001154,2019-05-09T07:00:00.000Z,2.35049298023632,1.7404703427818,0.00050771033855026,5677.4,4299.82,,1,0.06575848301292173,,,0.08622377803152707,,,HAKAI,Results,Technicianm,,1: Event metadata QCd by EJ2: Chl sample metadata QC'd by CO
,8241405,1,2020-09-04,CALVERT,HAKAI,OCEANOGRAPHY,QCS_V1,1,QCS01,51.705,-128.2384,,,,20,,250,2020-09-04T20:07:37.000Z,2020-09-04T23:02:37.000Z,2020-09-17T16:43:45.000Z,chris.osullivan;eva.jordison,,CHL13203,,,,3um,10,720001154,2019-05-09T07:00:00.000Z,2.35049298023632,1.7404703427818,0.00050771033855026,14372.43,10067.61,,1,0.20548965057832266,,,0.1503620202157347,,,HAKAI,Results,Technicianm,,1: Event metadata QCd by EJ2: Chl sample metadata QC'd by CO
,8241405,1,2020-09-04,CALVERT,HAKAI,OCEANOGRAPHY,QCS_V1,1,QCS01,51.705,-128.2384,,,,20,,250,2020-09-04T20:07:37.000Z,2020-09-04T23:02:37.000Z,2020-09-17T16:44:27.000Z,chris.osullivan;eva.jordison,,CHL13204,,,,GF/F,10,720001154,2019-05-09T07:00:00.000Z,2.35049298023632,1.7404703427818,0.00050771033855026,24354.23,17137.53,,1,0.3444876118696209,,,0.26125880498435744,,,HAKAI,Results,Technicianm,,1: Event metadata QCd by EJ2: Chl sample metadata QC'd by CO
,8241405,1,2020-09-04,CALVERT,HAKAI,OCEANOGRAPHY,QCS_V1,1,QCS01,51.705,-128.2384,,,,20,,250,2020-09-04T20:07:37.000Z,2020-09-04T23:02:37.000Z,2020-09-17T16:45:04.000Z,chris.osullivan;eva.jordison,,CHL13205,,,,Bulk GF/F,10,720001154,2019-05-09T07:00:00.000Z,2.35049298023632,1.7404703427818,0.00050771033855026,45161.8,32480.62,,1,0.6053333814470324,,,0.5427328324236748,,,HAKAI,Results,Technicianm,,1: Event metadata QCd by EJ2: Chl sample metadata QC'd by CO
,8241405,1,2020-09-04,CALVERT,HAKAI,OCEANOGRAPHY,QCS_V1,1,QCS01,51.705,-128.2384,,,,30,30.6538973,250,2020-09-04T20:07:37.000Z,2020-09-04T23:02:37.000Z,2020-09-17T16:45:53.000Z,chris.osullivan;eva.jordison,,CHL13206,,,,20um,10,720001154,2019-05-09T07:00:00.000Z,2.35049298023632,1.7404703427818,0.00050771033855026,2235.32,1859.12,,1,0.017957825541501153,,,0.047754985960597914,,,HAKAI,Results,Technicianm,,1: Event metadata QCd by EJ2: Chl sample metadata QC'd by CO
,8241405,1,2020-09-04,CALVERT,HAKAI,OCEANOGRAPHY,QCS_V1,1,QCS01,51.705,-128.2384,,,,30,30.6538973,250,2020-09-04T20:07:37.000Z,2020-09-04T23:02:37.000Z,2020-09-17T16:47:03.000Z,chris.osullivan;eva.jordison,,CHL13207,,,,3um,10,720001154,2019-05-09T07:00:00.000Z,2.35049298023632,1.7404703427818,0.00050771033855026,4425.03,3602.91,,1,0.03924372018654686,,,0.0881054265543993,,,HAKAI,Results,Technicianm,,1: Event metadata QCd by EJ2: Chl sample metadata QC'd by CO
,8241405,1,2020-09-04,CALVERT,HAKAI,OCEANOGRAPHY,QCS_V1,1,QCS01,51.705,-128.2384,,,,30,30.6538973,250,2020-09-04T20:07:37.000Z,2020-09-04T23:02:37.000Z,2020-09-17T16:47:49.000Z,chris.osullivan;eva.jordison,,CHL13208,,,,GF/F,10,720001154,2019-05-09T07:00:00.000Z,2.35049298023632,1.7404703427818,0.00050771033855026,4845.01,3827.91,,1,0.04855104826757262,,,0.08675099155610744,,,HAKAI,Results,Technicianm,,1: Event metadata QCd by EJ2: Chl sample metadata QC'd by CO
,8241405,1,2020-09-04,CALVERT,HAKAI,OCEANOGRAPHY,QCS_V1,1,QCS01,51.705,-128.2384,,,,30,30.6538973,250,2020-09-04T20:07:37.000Z,2020-09-04T23:02:37.000Z,2020-09-17T16:48:40.000Z,chris.osullivan;eva.jordison,,CHL13209,,,,Bulk GF/F,10,720001154,2019-05-09T07:00:00.000Z,2.35049298023632,1.7404703427818,0.00050771033855026,10280.64,8133.39,,1,0.10249851380645496,,,0.1849858465054441,,,HAKAI,Results,Technicianm,,1: Event metadata QCd by EJ2: Chl sample metadata QC'd by CO
,8241405,1,2020-09-04,CALVERT,HAKAI,OCEANOGRAPHY,QCS_V1,1,QCS01,51.705,-128.2384,,,,115,109.7990483,250,2020-09-04T20:07:37.000Z,2020-09-04T23:02:37.000Z,2020-09-17T17:32:57.000Z,chris.osullivan;eva.jordison,,CHL13210,,,,Bulk GF/F,10,720001154,2019-05-09T07:00:00.000Z,2.35049298023632,1.7404703427818,0.00050771033855026,5290.66,5043.47,,1,0.011799561126006566,,,0.16646789521166486,,,HAKAI,Results,Technicianm,,1: Event metadata QCd by EJ2: Chl sample metadata QC'd by CO
,9464368,1,2020-10-02,CALVERT,HAKAI,OCEANOGRAPHY,QCS_V1,1,QCS01,51.705,-128.2384,51.705917,-128.238284,,0,,250,2020-10-02T17:19:17.000Z,2020-10-02T20:58:24.000Z,2020-10-14T19:05:04.000Z,chris.osullivan,,CHL13318,,,,20um,10,720001154,2019-05-09T07:00:00.000Z,2.35049298023632,1.7404703427818,0.00050771033855026,183764.76,122200.54,SVC,1,2.938754711213706,,,1.3805689744411833,,,HAKAI,Results,Technicianm,,1: CHL metadata qc'd by CO2: Blanks on this processing day were high. Not sure what happened.3: Metadata QC'd by CO
,9464368,1,2020-10-02,CALVERT,HAKAI,OCEANOGRAPHY,QCS_V1,1,QCS01,51.705,-128.2384,51.705917,-128.238284,,0,,250,2020-10-02T17:19:17.000Z,2020-10-02T20:58:24.000Z,2020-10-14T19:05:43.000Z,chris.osullivan,,CHL13319,,,,3um,10,720001154,2019-05-09T07:00:00.000Z,2.35049298023632,1.7404703427818,0.00050771033855026,54039.5,36328.96,SVC,1,0.8454087920408767,,,0.4386815843454228,,,HAKAI,Results,Technicianm,,1: CHL metadata qc'd by CO2: Blanks on this processing day were high. Not sure what happened.3: Metadata QC'd by CO
,9464368,1,2020-10-02,CALVERT,HAKAI,OCEANOGRAPHY,QCS_V1,1,QCS01,51.705,-128.2384,51.705917,-128.238284,,0,,250,2020-10-02T17:19:17.000Z,2020-10-02T20:58:24.000Z,2020-10-14T19:06:20.000Z,chris.osullivan,,CHL13320,,,,GF/F,10,720001154,2019-05-09T07:00:00.000Z,2.35049298023632,1.7404703427818,0.00050771033855026,31117.7,21404.18,SVC,1,0.4636727739337647,,,0.29288347079330995,,,HAKAI,Results,Technicianm,,1: CHL metadata qc'd by CO2: Blanks on this processing day were high. Not sure what happened.3: Metadata QC'd by CO
,9464368,1,2020-10-02,CALVERT,HAKAI,OCEANOGRAPHY,QCS_V1,1,QCS01,51.705,-128.2384,51.705917,-128.238284,,0,,250,2020-10-02T17:19:17.000Z,2020-10-02T20:58:24.000Z,2020-10-14T19:06:56.000Z,chris.osullivan,,CHL13321,,,,Bulk GF/F,10,720001154,2019-05-09T07:00:00.000Z,2.35049298023632,1.7404703427818,0.00050771033855026,236874.4,152700.67,SVC,1,4.018014775431743,,,1.3793723453319726,,,HAKAI,Results,Technicianm,,1: CHL metadata qc'd by CO2: Blanks on this processing day were high. Not sure what happened.3: Metadata QC'd by CO
,9464368,1,2020-10-02,CALVERT,HAKAI,OCEANOGRAPHY,QCS_V1,1,QCS01,51.705,-128.2384,51.705917,-128.238284,,5,6.1257577,250,2020-10-02T17:19:17.000Z,2020-10-02T20:58:24.000Z,2020-10-14T19:07:39.000Z,chris.osullivan,,CHL13322,,,,20um,10,720001154,2019-05-09T07:00:00.000Z,2.35049298023632,1.7404703427818,0.00050771033855026,81504.81,54738.28,SVC,1,1.27769451379946,,,0.657095212301663,,,HAKAI,Results,Technicianm,,1: There were only 2 filters in the stack. A gff and either a 20um or 3um; but not sure which. So the 5m 20 um sample may be a 3 um sample -this affects 5 um sample2: CHL metadata qc'd by CO3: Blanks on this processing day were high. Not sure what happened.4: Metadata QC'd by CO
,9464368,1,2020-10-02,CALVERT,HAKAI,OCEANOGRAPHY,QCS_V1,1,QCS01,51.705,-128.2384,51.705917,-128.238284,,5,6.1257577,250,2020-10-02T17:19:17.000Z,2020-10-02T20:58:24.000Z,2020-10-14T19:08:16.000Z,chris.osullivan,,CHL13324,,,,GF/F,10,720001154,2019-05-09T07:00:00.000Z,2.35049298023632,1.7404703427818,0.00050771033855026,27757.98,19851.47,SVC,1,0.37741554285522133,,,0.3242583169007787,,,HAKAI,Results,Technicianm,,1: There were only 2 filters in the stack. A gff and either a 20um or 3um; but not sure which. So the 5m 20 um sample may be a 3 um sample -this affects 5 um sample2: CHL metadata qc'd by CO3: Blanks on this processing day were high. Not sure what happened.4: Metadata QC'd by CO
,9464368,1,2020-10-02,CALVERT,HAKAI,OCEANOGRAPHY,QCS_V1,1,QCS01,51.705,-128.2384,51.705917,-128.238284,,5,6.1257577,250,2020-10-02T17:19:17.000Z,2020-10-02T20:58:24.000Z,2020-10-14T19:08:54.000Z,chris.osullivan,,CHL13325,,,,Bulk GF/F,10,720001154,2019-05-09T07:00:00.000Z,2.35049298023632,1.7404703427818,0.00050771033855026,125513.3,84240.76,SVC,1,1.9701357601664753,,,1.0074542731146294,,,HAKAI,Results,Technicianm,,1: There were only 2 filters in the stack. A gff and either a 20um or 3um; but not sure which. So the 5m 20 um sample may be a 3 um sample -this affects 5 um sample2: CHL metadata qc'd by CO3: Blanks on this processing day were high. Not sure what happened.4: Metadata QC'd by CO
,9464368,1,2020-10-02,CALVERT,HAKAI,OCEANOGRAPHY,QCS_V1,1,QCS01,51.705,-128.2384,51.705917,-128.238284,,10,,250,2020-10-02T17:19:17.000Z,2020-10-02T20:58:24.000Z,2020-10-14T19:09:33.000Z,chris.osullivan,,CHL13326,,,,20um,10,720001154,2019-05-09T07:00:00.000Z,2.35049298023632,1.7404703427818,0.00050771033855026,29017.2,19928.46,SVC,1,0.4338490359172334,,,0.2705461271207208,,,HAKAI,Results,Technicianm,,1: CHL metadata qc'd by CO2: Blanks on this processing day were high. Not sure what happened.3: Metadata QC'd by CO
,9464368,1,2020-10-02,CALVERT,HAKAI,OCEANOGRAPHY,QCS_V1,1,QCS01,51.705,-128.2384,51.705917,-128.238284,,10,,250,2020-10-02T17:19:17.000Z,2020-10-02T20:58:24.000Z,2020-10-14T19:10:12.000Z,chris.osullivan,,CHL13327,,,,3um,10,720001154,2019-05-09T07:00:00.000Z,2.35049298023632,1.7404703427818,0.00050771033855026,24407.41,16700.85,SVC,1,0.3678709729003486,,,0.2224404690586597,,,HAKAI,Results,Technicianm,,1: CHL metadata qc'd by CO2: Blanks on this processing day were high. Not sure what happened.3: Metadata QC'd by CO
,9464368,1,2020-10-02,CALVERT,HAKAI,OCEANOGRAPHY,QCS_V1,1,QCS01,51.705,-128.2384,51.705917,-128.238284,,10,,250,2020-10-02T17:19:17.000Z,2020-10-02T20:58:24.000Z,2020-10-14T19:10:52.000Z,chris.osullivan,,CHL13328,,,,GF/F,10,720001154,2019-05-09T07:00:00.000Z,2.35049298023632,1.7404703427818,0.00050771033855026,25685.16,18144.62,SVC,1,0.3599460441486207,,,0.28139716868175985,,,HAKAI,Results,Technicianm,,1: CHL metadata qc'd by CO2: Blanks on this processing day were high. Not sure what happened.3: Metadata QC'd by CO
,9464368,1,2020-10-02,CALVERT,HAKAI,OCEANOGRAPHY,QCS_V1,1,QCS01,51.705,-128.2384,51.705917,-128.238284,,10,,250,2020-10-02T17:19:17.000Z,2020-10-02T20:58:24.000Z,2020-10-14T19:11:37.000Z,chris.osullivan,,CHL13329,,,,Bulk GF/F,10,720001154,2019-05-09T07:00:00.000Z,2.35049298023632,1.7404703427818,0.00050771033855026,57023.19,40710.47,SVC,1,0.7786841570105175,,,0.6602759108021359,,,HAKAI,Results,Technicianm,,1: CHL metadata qc'd by CO2: Blanks on this processing day were high. Not sure what happened.3: Metadata QC'd by CO
,9464368,1,2020-10-02,CALVERT,HAKAI,OCEANOGRAPHY,QCS_V1,1,QCS01,51.705,-128.2384,51.705917,-128.238284,,20,,250,2020-10-02T17:19:17.000Z,2020-10-02T20:58:24.000Z,2020-10-14T19:12:16.000Z,chris.osullivan,,CHL13330,,,,20um,10,720001154,2019-05-09T07:00:00.000Z,2.35049298023632,1.7404703427818,0.00050771033855026,14784.83,10891.14,SVC,1,0.18586444905020635,,,0.19909587081240143,,,HAKAI,Results,Technicianm,,1: CHL metadata qc'd by CO2: Blanks on this processing day were high. Not sure what happened.3: Metadata QC'd by CO
,9464368,1,2020-10-02,CALVERT,HAKAI,OCEANOGRAPHY,QCS_V1,1,QCS01,51.705,-128.2384,51.705917,-128.238284,,20,,250,2020-10-02T17:19:17.000Z,2020-10-02T20:58:24.000Z,2020-10-14T19:12:55.000Z,chris.osullivan,,CHL13331,,,,3um,10,720001154,2019-05-09T07:00:00.000Z,2.35049298023632,1.7404703427818,0.00050771033855026,22147.46,15490.65,SVC,1,0.3177613839524729,,,0.2297740970788705,,,HAKAI,Results,Technicianm,,1: CHL metadata qc'd by CO2: Blanks on this processing day were high. Not sure what happened.3: Metadata QC'd by CO
,9464368,1,2020-10-02,CALVERT,HAKAI,OCEANOGRAPHY,QCS_V1,1,QCS01,51.705,-128.2384,51.705917,-128.238284,,20,,250,2020-10-02T17:19:17.000Z,2020-10-02T20:58:24.000Z,2020-10-14T19:13:35.000Z,chris.osullivan,,CHL13332,,,,GF/F,10,720001154,2019-05-09T07:00:00.000Z,2.35049298023632,1.7404703427818,0.00050771033855026,40880.16,28801.23,SVC,1,0.5765851081020854,,,0.4414286823033758,,,HAKAI,Results,Technicianm,,1: CHL metadata qc'd by CO2: Blanks on this processing day were high. Not sure what happened.3: Metadata QC'd by CO
,9464368,1,2020-10-02,CALVERT,HAKAI,OCEANOGRAPHY,QCS_V1,1,QCS01,51.705,-128.2384,51.705917,-128.238284,,20,,250,2020-10-02T17:19:17.000Z,2020-10-02T20:58:24.000Z,2020-10-14T19:14:11.000Z,chris.osullivan,,CHL13333,,,,Bulk GF/F,10,720001154,2019-05-09T07:00:00.000Z,2.35049298023632,1.7404703427818,0.00050771033855026,43753.24,30399.61,SVC,1,0.6374326365915897,,,0.4370777993497841,,,HAKAI,Results,Technicianm,,1: CHL metadata qc'd by CO2: Blanks on this processing day were high. Not sure what happened.3: Metadata QC'd by CO
,9464368,1,2020-10-02,CALVERT,HAKAI,OCEANOGRAPHY,QCS_V1,1,QCS01,51.705,-128.2384,51.705917,-128.238284,,30,,250,2020-10-02T17:19:17.000Z,2020-10-02T20:58:24.000Z,2020-10-14T19:14:49.000Z,chris.osullivan,,CHL13334,,,,20um,10,720001154,2019-05-09T07:00:00.000Z,2.35049298023632,1.7404703427818,0.00050771033855026,7836.6,6115.72,SVC,1,0.08214583417825227,,,0.13402157597258113,,,HAKAI,Results,Technicianm,,1: CHL metadata qc'd by CO2: Blanks on this processing day were high. Not sure what happened.3: Metadata QC'd by CO
,9464368,1,2020-10-02,CALVERT,HAKAI,OCEANOGRAPHY,QCS_V1,1,QCS01,51.705,-128.2384,51.705917,-128.238284,,30,,250,2020-10-02T17:19:17.000Z,2020-10-02T20:58:24.000Z,2020-10-14T19:15:35.000Z,chris.osullivan,,CHL13335,,,,3um,10,720001154,2019-05-09T07:00:00.000Z,2.35049298023632,1.7404703427818,0.00050771033855026,12295.26,8954.76,SVC,1,0.15945804418230888,,,0.1570586174245464,,,HAKAI,Results,Technicianm,,1: CHL metadata qc'd by CO2: Blanks on this processing day were high. Not sure what happened.3: Metadata QC'd by CO
,9464368,1,2020-10-02,CALVERT,HAKAI,OCEANOGRAPHY,QCS_V1,1,QCS01,51.705,-128.2384,51.705917,-128.238284,,30,,250,2020-10-02T17:19:17.000Z,2020-10-02T20:58:24.000Z,2020-10-14T19:16:09.000Z,chris.osullivan,,CHL13336,,,,GF/F,10,720001154,2019-05-09T07:00:00.000Z,2.35049298023632,1.7404703427818,0.00050771033855026,21710.63,16265.77,SVC,1,0.25990921312572557,,,0.3150238078446788,,,HAKAI,Results,Technicianm,,1: CHL metadata qc'd by CO2: Blanks on this processing day were high. Not sure what happened.3: Metadata QC'd by CO
,9464368,1,2020-10-02,CALVERT,HAKAI,OCEANOGRAPHY,QCS_V1,1,QCS01,51.705,-128.2384,51.705917,-128.238284,,30,,250,2020-10-02T17:19:17.000Z,2020-10-02T20:58:24.000Z,2020-10-14T19:16:50.000Z,chris.osullivan,,CHL13337,,,,Bulk GF/F,10,720001154,2019-05-09T07:00:00.000Z,2.35049298023632,1.7404703427818,0.00050771033855026,28272.59,20948.49,SVC,1,0.34961432761432376,,,0.3908350111177688,,,HAKAI,Results,Technicianm,,1: CHL metadata qc'd by CO2: Blanks on this processing day were high. Not sure what happened.3: Metadata QC'd by CO
,9464368,1,2020-10-02,CALVERT,HAKAI,OCEANOGRAPHY,QCS_V1,1,QCS01,51.705,-128.2384,51.705917,-128.238284,,115,108.6556216,250,2020-10-02T17:19:17.000Z,2020-10-02T20:58:24.000Z,2020-10-14T20:36:19.000Z,chris.osullivan,,CHL13338,,,,Bulk GF/F,10,720001154,2019-05-09T07:00:00.000Z,2.35049298023632,1.7404703427818,0.00050771033855026,8803.33,7712.35,SVC,1,0.05207769407035334,,,0.22052450578130442,,,HAKAI,Results,Technicianm,,1: CHL metadata qc'd by CO2: Blanks on this processing day were high. Not sure what happened.3: Metadata QC'd by CO
,9464368,1,2020-10-02,CALVERT,HAKAI,OCEANOGRAPHY,QCS_V1,1,QCS01,51.705,-128.2384,51.705917,-128.238284,,5,6.1257577,250,2020-10-02T17:19:17.000Z,2020-10-02T20:58:24.000Z,,chris.osullivan,,CM1196,,,,3um,,,,,,,,,,,,,,,,,,Not Available,Technicianm,,1: There were only 2 filters in the stack. A gff and either a 20um or 3um; but not sure which. So the 5m 20 um sample may be a 3 um sample -this affects 5 um sample2: Metadata QC'd by CO3: CHL metadata qc'd by CO
,12588288,1,2021-02-13,CALVERT,HAKAI,OCEANOGRAPHY,QCS_V1,2,QCS01,51.705,-128.2384,51.707795,-128.239293,,0,,250,2021-02-13T18:37:33.000Z,2021-02-13T22:37:36.000Z,2021-06-13T02:37:14.000Z,chris.osullivan;eva.jordison;meagan.abele,,CHL13362,,,,20um,10,720001154,2019-05-09T07:00:00.000Z,2.35049298023632,1.7404703427818,0.00050771033855026,6393.54,4360.06,,1,0.0970677274910467,,,0.057043788128086144,,,HAKAI,Results,Technicianm,,1: Chlorophyll metadata QCd by EJ'2: Event Qc'd by CO
,12588288,1,2021-02-13,CALVERT,HAKAI,OCEANOGRAPHY,QCS_V1,2,QCS01,51.705,-128.2384,51.707795,-128.239293,,0,,250,2021-02-13T18:37:33.000Z,2021-02-13T22:37:36.000Z,2021-06-10T22:07:30.000Z,chris.osullivan;eva.jordison;meagan.abele,,CHL13363,,,,3um,10,720001154,2019-05-09T07:00:00.000Z,2.35049298023632,1.7404703427818,0.00050771033855026,5544.84,3829.98,,1,0.08185847078176148,,,0.05351673565827976,,,HAKAI,Results,Technicianm,,1: Chlorophyll metadata QCd by EJ'2: Event Qc'd by CO
,12588288,1,2021-02-13,CALVERT,HAKAI,OCEANOGRAPHY,QCS_V1,2,QCS01,51.705,-128.2384,51.707795,-128.239293,,0,,250,2021-02-13T18:37:33.000Z,2021-02-13T22:37:36.000Z,2021-06-13T02:09:25.000Z,chris.osullivan;eva.jordison;meagan.abele,,CHL13364,,,,GF/F,10,720001154,2019-05-09T07:00:00.000Z,2.35049298023632,1.7404703427818,0.00050771033855026,27697.68,18834.52,,1,0.4230810234620185,,,0.24264752686959826,,,HAKAI,Results,Technicianm,,1: Chlorophyll metadata QCd by EJ'2: Event Qc'd by CO
,12588288,1,2021-02-13,CALVERT,HAKAI,OCEANOGRAPHY,QCS_V1,2,QCS01,51.705,-128.2384,51.707795,-128.239293,,0,,250,2021-02-13T18:37:33.000Z,2021-02-13T22:37:36.000Z,2021-06-13T02:29:49.000Z,chris.osullivan;eva.jordison;meagan.abele,,CHL13365,,,,Bulk GF/F,10,720001154,2019-05-09T07:00:00.000Z,2.35049298023632,1.7404703427818,0.00050771033855026,37271.32,25452.74,,1,0.5641573572256106,,,0.3355000644749455,,,HAKAI,Results,Technicianm,,1: Chlorophyll metadata QCd by EJ'2: Event Qc'd by CO
,12588288,1,2021-02-13,CALVERT,HAKAI,OCEANOGRAPHY,QCS_V1,2,QCS01,51.705,-128.2384,51.707795,-128.239293,,5,4.6386052,250,2021-02-13T18:37:33.000Z,2021-02-13T22:37:36.000Z,2021-06-10T22:06:15.000Z,chris.osullivan;eva.jordison;meagan.abele,,CHL13366,,,,20um,10,720001154,2019-05-09T07:00:00.000Z,2.35049298023632,1.7404703427818,0.00050771033855026,9026.36,6196.18,,1,0.13509802948178026,,,0.08391333523543879,,,HAKAI,Results,Technicianm,,1: Chlorophyll metadata QCd by EJ'2: Event Qc'd by CO
,12588288,1,2021-02-13,CALVERT,HAKAI,OCEANOGRAPHY,QCS_V1,2,QCS01,51.705,-128.2384,51.707795,-128.239293,,5,4.6386052,250,2021-02-13T18:37:33.000Z,2021-02-13T22:37:36.000Z,2021-06-13T01:24:24.000Z,chris.osullivan;eva.jordison;meagan.abele,,CHL13367,,,,3um,10,720001154,2019-05-09T07:00:00.000Z,2.35049298023632,1.7404703427818,0.00050771033855026,10836.32,7359.77,,1,0.1659523614734339,,,0.09418747818662243,,,HAKAI,Results,Technicianm,,1: Chlorophyll metadata QCd by EJ'2: Event Qc'd by CO
,12588288,1,2021-02-13,CALVERT,HAKAI,OCEANOGRAPHY,QCS_V1,2,QCS01,51.705,-128.2384,51.707795,-128.239293,,5,4.6386052,250,2021-02-13T18:37:33.000Z,2021-02-13T22:37:36.000Z,2021-06-10T22:06:54.000Z,chris.osullivan;eva.jordison;meagan.abele,,CHL13368,,,,GF/F,10,720001154,2019-05-09T07:00:00.000Z,2.35049298023632,1.7404703427818,0.00050771033855026,14637.64,9928.54,,1,0.22478786883966795,,,0.12614820710543034,,,HAKAI,Results,Technicianm,,1: Chlorophyll metadata QCd by EJ'2: Event Qc'd by CO
,12588288,1,2021-02-13,CALVERT,HAKAI,OCEANOGRAPHY,QCS_V1,2,QCS01,51.705,-128.2384,51.707795,-128.239293,,5,4.6386052,250,2021-02-13T18:37:33.000Z,2021-02-13T22:37:36.000Z,2021-06-13T01:40:33.000Z,chris.osullivan;eva.jordison;meagan.abele,,CHL13369,,,,Bulk GF/F,10,720001154,2019-05-09T07:00:00.000Z,2.35049298023632,1.7404703427818,0.00050771033855026,27676.02,19328.58,,1,0.39846324093075064,,,0.28472844876289083,,,HAKAI,Results,Technicianm,,1: Chlorophyll metadata QCd by EJ'2: Event Qc'd by CO
,12588288,1,2021-02-13,CALVERT,HAKAI,OCEANOGRAPHY,QCS_V1,2,QCS01,51.705,-128.2384,51.707795,-128.239293,,10,,250,2021-02-13T18:37:33.000Z,2021-02-13T22:37:36.000Z,2021-06-10T22:12:22.000Z,chris.osullivan;eva.jordison;meagan.abele,,CHL13370,,,,20um,10,720001154,2019-05-09T07:00:00.000Z,2.35049298023632,1.7404703427818,0.00050771033855026,9961.66,6794.61,,1,0.1511784459893972,,,0.0889851400944906,,,HAKAI,Results,Technicianm,,1: Chlorophyll metadata QCd by EJ'2: Event Qc'd by CO
,12588288,1,2021-02-13,CALVERT,HAKAI,OCEANOGRAPHY,QCS_V1,2,QCS01,51.705,-128.2384,51.707795,-128.239293,,10,,250,2021-02-13T18:37:33.000Z,2021-02-13T22:37:36.000Z,2021-06-10T22:02:54.000Z,chris.osullivan;eva.jordison;meagan.abele,,CHL13371,,,,3um,10,720001154,2019-05-09T07:00:00.000Z,2.35049298023632,1.7404703427818,0.00050771033855026,6211.35,4225.65,,1,0.09478695953683902,,,0.054573674485625875,,,HAKAI,Results,Technicianm,,1: Chlorophyll metadata QCd by EJ'2: Event Qc'd by CO
,12588288,1,2021-02-13,CALVERT,HAKAI,OCEANOGRAPHY,QCS_V1,2,QCS01,51.705,-128.2384,51.707795,-128.239293,,10,,250,2021-02-13T18:37:33.000Z,2021-02-13T22:37:36.000Z,2021-06-13T02:35:57.000Z,chris.osullivan;eva.jordison;meagan.abele,,CHL13372,,,,GF/F,10,720001154,2019-05-09T07:00:00.000Z,2.35049298023632,1.7404703427818,0.00050771033855026,10807.22,7486.29,,1,0.15852387446979643,,,0.10608796533615984,,,HAKAI,Results,Technicianm,,1: Chlorophyll metadata QCd by EJ'2: Event Qc'd by CO
,12588288,1,2021-02-13,CALVERT,HAKAI,OCEANOGRAPHY,QCS_V1,2,QCS01,51.705,-128.2384,51.707795,-128.239293,,10,,250,2021-02-13T18:37:33.000Z,2021-02-13T22:37:36.000Z,2021-06-13T01:39:09.000Z,chris.osullivan;eva.jordison;meagan.abele,,CHL13373,,,,Bulk GF/F,10,720001154,2019-05-09T07:00:00.000Z,2.35049298023632,1.7404703427818,0.00050771033855026,27658.17,18614.03,,1,0.43172006457446105,,,0.22621500399799116,,,HAKAI,Results,Technicianm,,1: Chlorophyll metadata QCd by EJ'2: Event Qc'd by CO
,12588288,1,2021-02-13,CALVERT,HAKAI,OCEANOGRAPHY,QCS_V1,2,QCS01,51.705,-128.2384,51.707795,-128.239293,,20,,250,2021-02-13T18:37:33.000Z,2021-02-13T22:37:36.000Z,2021-06-10T22:08:09.000Z,chris.osullivan;eva.jordison;meagan.abele,,CHL13374,,,,20um,10,720001154,2019-05-09T07:00:00.000Z,2.35049298023632,1.7404703427818,0.00050771033855026,5694.12,3963.72,,1,0.08260026931688888,,,0.05750213677152938,,,HAKAI,Results,Technicianm,,1: Chlorophyll metadata QCd by EJ'2: Event Qc'd by CO
,12588288,1,2021-02-13,CALVERT,HAKAI,OCEANOGRAPHY,QCS_V1,2,QCS01,51.705,-128.2384,51.707795,-128.239293,,20,,250,2021-02-13T18:37:33.000Z,2021-02-13T22:37:36.000Z,2021-06-10T22:11:41.000Z,chris.osullivan;eva.jordison;meagan.abele,,CHL13375,,,,3um,10,720001154,2019-05-09T07:00:00.000Z,2.35049298023632,1.7404703427818,0.00050771033855026,8356.12,5687.66,,1,0.1273783602989744,,,0.07365875912743636,,,HAKAI,Results,Technicianm,,1: Chlorophyll metadata QCd by EJ'2: Event Qc'd by CO
,12588288,1,2021-02-13,CALVERT,HAKAI,OCEANOGRAPHY,QCS_V1,2,QCS01,51.705,-128.2384,51.707795,-128.239293,,20,,250,2021-02-13T18:37:33.000Z,2021-02-13T22:37:36.000Z,2021-06-10T22:13:03.000Z,chris.osullivan;eva.jordison;meagan.abele,,CHL13376,,,,GF/F,10,720001154,2019-05-09T07:00:00.000Z,2.35049298023632,1.7404703427818,0.00050771033855026,15334.18,10228.2,,1,0.24373284970333345,,,0.11779506598030708,,,HAKAI,Results,Technicianm,,1: Chlorophyll metadata QCd by EJ'2: Event Qc'd by CO
,12588288,1,2021-02-13,CALVERT,HAKAI,OCEANOGRAPHY,QCS_V1,2,QCS01,51.705,-128.2384,51.707795,-128.239293,,20,,250,2021-02-13T18:37:33.000Z,2021-02-13T22:37:36.000Z,2021-06-13T01:37:16.000Z,chris.osullivan;eva.jordison;meagan.abele,,CHL13377,,,,Bulk GF/F,10,720001154,2019-05-09T07:00:00.000Z,2.35049298023632,1.7404703427818,0.00050771033855026,51517.41,33119.41,,1,0.8782245462853222,,,0.2924204612401391,,,HAKAI,Results,Technicianm,,1: Chlorophyll metadata QCd by EJ'2: Event Qc'd by CO
,12588288,1,2021-02-13,CALVERT,HAKAI,OCEANOGRAPHY,QCS_V1,2,QCS01,51.705,-128.2384,51.707795,-128.239293,,30,29.3073141,250,2021-02-13T18:37:33.000Z,2021-02-13T22:37:36.000Z,2021-06-10T22:09:29.000Z,chris.osullivan;eva.jordison;meagan.abele,,CHL13378,,,,20um,10,720001154,2019-05-09T07:00:00.000Z,2.35049298023632,1.7404703427818,0.00050771033855026,5538.7,3873.63,,1,0.07948175591277865,,,0.057436311785313006,,,HAKAI,Results,Technicianm,,1: Chlorophyll metadata QCd by EJ'2: Event Qc'd by CO
,12588288,1,2021-02-13,CALVERT,HAKAI,OCEANOGRAPHY,QCS_V1,2,QCS01,51.705,-128.2384,51.707795,-128.239293,,30,29.3073141,250,2021-02-13T18:37:33.000Z,2021-02-13T22:37:36.000Z,2021-06-13T01:39:55.000Z,chris.osullivan;eva.jordison;meagan.abele,,CHL13379,,,,3um,10,720001154,2019-05-09T07:00:00.000Z,2.35049298023632,1.7404703427818,0.00050771033855026,7018.37,4794.22,,1,0.10616931865531576,,,0.06328809945626039,,,HAKAI,Results,Technicianm,,1: Chlorophyll metadata QCd by EJ'2: Event Qc'd by CO
,12588288,1,2021-02-13,CALVERT,HAKAI,OCEANOGRAPHY,QCS_V1,2,QCS01,51.705,-128.2384,51.707795,-128.239293,,30,29.3073141,250,2021-02-13T18:37:33.000Z,2021-02-13T22:37:36.000Z,2021-06-10T22:05:33.000Z,chris.osullivan;eva.jordison;meagan.abele,,CHL13380,,,,GF/F,10,720001154,2019-05-09T07:00:00.000Z,2.35049298023632,1.7404703427818,0.00050771033855026,15275.44,10735.5,,1,0.21671305286784354,,,0.16274598575300106,,,HAKAI,Results,Technicianm,,1: Chlorophyll metadata QCd by EJ'2: Event Qc'd by CO
,12588288,1,2021-02-13,CALVERT,HAKAI,OCEANOGRAPHY,QCS_V1,2,QCS01,51.705,-128.2384,51.707795,-128.239293,,30,29.3073141,250,2021-02-13T18:37:33.000Z,2021-02-13T22:37:36.000Z,2021-06-10T22:10:12.000Z,chris.osullivan;eva.jordison;meagan.abele,,CHL13381,,,,Bulk GF/F,10,720001154,2019-05-09T07:00:00.000Z,2.35049298023632,1.7404703427818,0.00050771033855026,1644.52,1285.06,,1,0.017158745266209474,,,0.028263231555559657,,,HAKAI,Results,Technicianm,,1: Chlorophyll metadata QCd by EJ'2: Event Qc'd by CO
,12588288,1,2021-02-13,CALVERT,HAKAI,OCEANOGRAPHY,QCS_V1,2,QCS01,51.705,-128.2384,51.707795,-128.239293,,115,107.7219502,250,2021-02-13T18:37:33.000Z,2021-02-13T22:37:36.000Z,2021-06-10T22:08:47.000Z,chris.osullivan;eva.jordison;meagan.abele,,CHL13382,,,,Bulk GF/F,10,720001154,2019-05-09T07:00:00.000Z,2.35049298023632,1.7404703427818,0.00050771033855026,5140.16,4642.65,,1,0.023748532124274954,,,0.1403514637448568,,,HAKAI,Results,Technicianm,,1: Chlorophyll metadata QCd by EJ'2: Event Qc'd by CO
,12596885,1,2021-03-11,CALVERT,HAKAI,OCEANOGRAPHY,QCS_V1,2,QCS01,51.705,-128.2384,,,,0,,250,2021-03-11T17:31:04.000Z,2021-03-11T20:30:57.000Z,2021-09-04T18:36:57.000Z,chris.mackenzie;jonathan.bergshoeff,,CHL13501,,,,20um,10,720001154,2019-05-09T07:00:00.000Z,2.35049298023632,1.7404703427818,0.00050771033855026,14576.92,9983.28,,1,0.21927641074019502,,,0.13359451572645364,,,HAKAI,Results,Technicianm,,1: Sample metadata QC'd by CO2: Event metadata QC'd by JB
,12596885,1,2021-03-11,CALVERT,HAKAI,OCEANOGRAPHY,QCS_V1,2,QCS01,51.705,-128.2384,,,,0,,250,2021-03-11T17:31:04.000Z,2021-03-11T20:30:57.000Z,,chris.mackenzie;jonathan.bergshoeff,,CHL13502,,,,3um,,,,,,,,,,,,,,,,,,Collected,Technicianm,,1: Sample metadata QC'd by CO2: Event metadata QC'd by JB
,12596885,1,2021-03-11,CALVERT,HAKAI,OCEANOGRAPHY,QCS_V1,2,QCS01,51.705,-128.2384,,,,0,,250,2021-03-11T17:31:04.000Z,2021-03-11T20:30:57.000Z,2021-09-04T18:37:36.000Z,chris.mackenzie;jonathan.bergshoeff,,CHL13503,,,,GF/F,10,720001154,2019-05-09T07:00:00.000Z,2.35049298023632,1.7404703427818,0.00050771033855026,17559.75,12739.82,,1,0.23007831489167374,,,0.22022580223399432,,,HAKAI,Results,Technicianm,,1: Sample metadata QC'd by CO2: Event metadata QC'd by JB
,12596885,1,2021-03-11,CALVERT,HAKAI,OCEANOGRAPHY,QCS_V1,2,QCS01,51.705,-128.2384,,,,0,,250,2021-03-11T17:31:04.000Z,2021-03-11T20:30:57.000Z,2021-09-04T18:35:45.000Z,chris.mackenzie;jonathan.bergshoeff,,CHL13504,,,,Bulk GF/F,10,720001154,2019-05-09T07:00:00.000Z,2.35049298023632,1.7404703427818,0.00050771033855026,61913.28,41874.91,,1,0.9565272530463861,,,0.5235913339718615,,,HAKAI,Results,Technicianm,,1: Sample metadata QC'd by CO2: Event metadata QC'd by JB
,12596885,1,2021-03-11,CALVERT,HAKAI,OCEANOGRAPHY,QCS_V1,2,QCS01,51.705,-128.2384,,,,5,7.7839902,250,2021-03-11T17:31:04.000Z,2021-03-11T20:30:57.000Z,2021-09-04T18:38:11.000Z,chris.mackenzie;jonathan.bergshoeff,,CHL13505,,,,20um,10,720001154,2019-05-09T07:00:00.000Z,2.35049298023632,1.7404703427818,0.00050771033855026,8512.43,6081.36,,1,0.11604660005097611,,,0.09890631496064509,,,HAKAI,Results,Technicianm,,1: Sample metadata QC'd by CO2: Event metadata QC'd by JB
,12596885,1,2021-03-11,CALVERT,HAKAI,OCEANOGRAPHY,QCS_V1,2,QCS01,51.705,-128.2384,,,,5,7.7839902,250,2021-03-11T17:31:04.000Z,2021-03-11T20:30:57.000Z,2021-09-04T18:39:31.000Z,chris.mackenzie;jonathan.bergshoeff,,CHL13506,,,,3um,10,720001154,2019-05-09T07:00:00.000Z,2.35049298023632,1.7404703427818,0.00050771033855026,8879.24,6218.59,,1,0.12700555164007188,,,0.09279792122818753,,,HAKAI,Results,Technicianm,,1: Sample metadata QC'd by CO2: Event metadata QC'd by JB
,12596885,1,2021-03-11,CALVERT,HAKAI,OCEANOGRAPHY,QCS_V1,2,QCS01,51.705,-128.2384,,,,5,7.7839902,250,2021-03-11T17:31:04.000Z,2021-03-11T20:30:57.000Z,2021-09-04T18:38:49.000Z,chris.mackenzie;jonathan.bergshoeff,,CHL13507,,,,GF/F,10,720001154,2019-05-09T07:00:00.000Z,2.35049298023632,1.7404703427818,0.00050771033855026,15210.51,10525.85,,1,0.22362123073165546,,,0.14842747884565516,,,HAKAI,Results,Technicianm,,1: Sample metadata QC'd by CO2: Event metadata QC'd by JB
,12596885,1,2021-03-11,CALVERT,HAKAI,OCEANOGRAPHY,QCS_V1,2,QCS01,51.705,-128.2384,,,,5,7.7839902,250,2021-03-11T17:31:04.000Z,2021-03-11T20:30:57.000Z,2021-09-04T18:40:05.000Z,chris.mackenzie;jonathan.bergshoeff,,CHL13508,,,,Bulk GF/F,10,720001154,2019-05-09T07:00:00.000Z,2.35049298023632,1.7404703427818,0.00050771033855026,38855.55,27128.8,,1,0.5597738720595392,,,0.3991258873310034,,,HAKAI,Results,Technicianm,,1: Sample metadata QC'd by CO2: Event metadata QC'd by JB
,12596885,1,2021-03-11,CALVERT,HAKAI,OCEANOGRAPHY,QCS_V1,2,QCS01,51.705,-128.2384,,,,10,,250,2021-03-11T17:31:04.000Z,2021-03-11T20:30:57.000Z,2021-09-04T18:41:14.000Z,chris.mackenzie;jonathan.bergshoeff,,CHL13509,,,,20um,10,720001154,2019-05-09T07:00:00.000Z,2.35049298023632,1.7404703427818,0.00050771033855026,6362.15,4379.75,,1,0.09462943475138726,,,0.06017804737796346,,,HAKAI,Results,Technicianm,,1: Sample metadata QC'd by CO2: Event metadata QC'd by JB
,12596885,1,2021-03-11,CALVERT,HAKAI,OCEANOGRAPHY,QCS_V1,2,QCS01,51.705,-128.2384,,,,10,,250,2021-03-11T17:31:04.000Z,2021-03-11T20:30:57.000Z,2021-09-04T18:42:26.000Z,chris.mackenzie;jonathan.bergshoeff,,CHL13510,,,,3um,10,720001154,2019-05-09T07:00:00.000Z,2.35049298023632,1.7404703427818,0.00050771033855026,8488.28,5987.33,,1,0.11938230671987589,,,0.09224700590699211,,,HAKAI,Results,Technicianm,,1: Sample metadata QC'd by CO2: Event metadata QC'd by JB
,12596885,1,2021-03-11,CALVERT,HAKAI,OCEANOGRAPHY,QCS_V1,2,QCS01,51.705,-128.2384,,,,10,,250,2021-03-11T17:31:04.000Z,2021-03-11T20:30:57.000Z,2021-09-04T18:41:49.000Z,chris.mackenzie;jonathan.bergshoeff,,CHL13511,,,,GF/F,10,720001154,2019-05-09T07:00:00.000Z,2.35049298023632,1.7404703427818,0.00050771033855026,17874.06,13452.05,,1,0.21108368985319914,,,0.2643950452294269,,,HAKAI,Results,Technicianm,,1: Sample metadata QC'd by CO2: Event metadata QC'd by JB
,12596885,1,2021-03-11,CALVERT,HAKAI,OCEANOGRAPHY,QCS_V1,2,QCS01,51.705,-128.2384,,,,10,,250,2021-03-11T17:31:04.000Z,2021-03-11T20:30:57.000Z,2021-09-04T18:40:38.000Z,chris.mackenzie;jonathan.bergshoeff,,CHL13512,,,,Bulk GF/F,10,720001154,2019-05-09T07:00:00.000Z,2.35049298023632,1.7404703427818,0.00050771033855026,38440.16,26921.52,,1,0.5498397862715493,,,0.401733414549264,,,HAKAI,Results,Technicianm,,1: Sample metadata QC'd by CO2: Event metadata QC'd by JB
,12596885,1,2021-03-11,CALVERT,HAKAI,OCEANOGRAPHY,QCS_V1,2,QCS01,51.705,-128.2384,,,,20,,250,2021-03-11T17:31:04.000Z,2021-03-11T20:30:57.000Z,2021-09-04T18:44:56.000Z,chris.mackenzie;jonathan.bergshoeff,,CHL13513,,,,20um,10,720001154,2019-05-09T07:00:00.000Z,2.35049298023632,1.7404703427818,0.00050771033855026,6265.23,4425.44,,1,0.08782197728069752,,,0.06860047233732033,,,HAKAI,Results,Technicianm,,1: Sample metadata QC'd by CO2: Event metadata QC'd by JB
,12596885,1,2021-03-11,CALVERT,HAKAI,OCEANOGRAPHY,QCS_V1,2,QCS01,51.705,-128.2384,,,,20,,250,2021-03-11T17:31:04.000Z,2021-03-11T20:30:57.000Z,2021-09-04T18:43:44.000Z,chris.mackenzie;jonathan.bergshoeff,,CHL13514,,,,3um,10,720001154,2019-05-09T07:00:00.000Z,2.35049298023632,1.7404703427818,0.00050771033855026,12851.71,9069.18,,1,0.18055825051965538,,,0.14000272231620625,,,HAKAI,Results,Technicianm,,1: Sample metadata QC'd by CO2: Event metadata QC'd by JB
,12596885,1,2021-03-11,CALVERT,HAKAI,OCEANOGRAPHY,QCS_V1,2,QCS01,51.705,-128.2384,,,,20,,250,2021-03-11T17:31:04.000Z,2021-03-11T20:30:57.000Z,2021-09-04T18:43:07.000Z,chris.mackenzie;jonathan.bergshoeff,,CHL13515,,,,GF/F,10,720001154,2019-05-09T07:00:00.000Z,2.35049298023632,1.7404703427818,0.00050771033855026,14583.68,10459.15,,1,0.19688354646647463,,,0.17280757213919878,,,HAKAI,Results,Technicianm,,1: Sample metadata QC'd by CO2: Event metadata QC'd by JB
,12596885,1,2021-03-11,CALVERT,HAKAI,OCEANOGRAPHY,QCS_V1,2,QCS01,51.705,-128.2384,,,,20,,250,2021-03-11T17:31:04.000Z,2021-03-11T20:30:57.000Z,2021-09-04T18:44:21.000Z,chris.mackenzie;jonathan.bergshoeff,,CHL13516,,,,Bulk GF/F,10,720001154,2019-05-09T07:00:00.000Z,2.35049298023632,1.7404703427818,0.00050771033855026,29838.2,21206.88,,1,0.41201419126227995,,,0.337568249886024,,,HAKAI,Results,Technicianm,,1: Sample metadata QC'd by CO2: Event metadata QC'd by JB
,12596885,1,2021-03-11,CALVERT,HAKAI,OCEANOGRAPHY,QCS_V1,2,QCS01,51.705,-128.2384,,,,30,31.3153042,250,2021-03-11T17:31:04.000Z,2021-03-11T20:30:57.000Z,2021-09-04T18:59:44.000Z,chris.mackenzie;jonathan.bergshoeff,,CHL13517,,,,20um,10,720001154,2019-05-09T07:00:00.000Z,2.35049298023632,1.7404703427818,0.00050771033855026,6244.5,4491.87,,1,0.08366141355343214,,,0.07510908356452359,,,HAKAI,Results,Technicianm,,1: Sample metadata QC'd by CO2: Event metadata QC'd by JB
,12596885,1,2021-03-11,CALVERT,HAKAI,OCEANOGRAPHY,QCS_V1,2,QCS01,51.705,-128.2384,,,,30,31.3153042,250,2021-03-11T17:31:04.000Z,2021-03-11T20:30:57.000Z,2021-09-04T18:59:12.000Z,chris.mackenzie;jonathan.bergshoeff,,CHL13518,,,,3um,10,720001154,2019-05-09T07:00:00.000Z,2.35049298023632,1.7404703427818,0.00050771033855026,8870.7,6312.81,,1,0.12210032529067087,,,0.10103346573872271,,,HAKAI,Results,Technicianm,,1: Sample metadata QC'd by CO2: Event metadata QC'd by JB
,12596885,1,2021-03-11,CALVERT,HAKAI,OCEANOGRAPHY,QCS_V1,2,QCS01,51.705,-128.2384,,,,30,31.3153042,250,2021-03-11T17:31:04.000Z,2021-03-11T20:30:57.000Z,2021-09-04T18:58:39.000Z,chris.mackenzie;jonathan.bergshoeff,,CHL13519,,,,GF/F,10,720001154,2019-05-09T07:00:00.000Z,2.35049298023632,1.7404703427818,0.00050771033855026,14093.7,10474.89,,1,0.17274311176990906,,,0.1975043558896409,,,HAKAI,Results,Technicianm,,1: Sample metadata QC'd by CO2: Event metadata QC'd by JB
,12596885,1,2021-03-11,CALVERT,HAKAI,OCEANOGRAPHY,QCS_V1,2,QCS01,51.705,-128.2384,,,,30,31.3153042,250,2021-03-11T17:31:04.000Z,2021-03-11T20:30:57.000Z,2021-09-04T18:58:03.000Z,chris.mackenzie;jonathan.bergshoeff,,CHL13520,,,,Bulk GF/F,10,720001154,2019-05-09T07:00:00.000Z,2.35049298023632,1.7404703427818,0.00050771033855026,34648.48,25673.05,,1,0.42844020760222146,,,0.4790043335430324,,,HAKAI,Results,Technicianm,,1: Sample metadata QC'd by CO2: Event metadata QC'd by JB
,12596885,1,2021-03-11,CALVERT,HAKAI,OCEANOGRAPHY,QCS_V1,2,QCS01,51.705,-128.2384,,,,115,108.964117,250,2021-03-11T17:31:04.000Z,2021-03-11T20:30:57.000Z,2021-09-04T22:36:00.000Z,chris.mackenzie;jonathan.bergshoeff,,CHL13521,,,,Bulk GF/F,10,720001154,2019-05-09T07:00:00.000Z,2.35049298023632,1.7404703427818,0.00050771033855026,12556.21,9715.53,,1,0.1355992447082177,,,0.20780773898997756,,,HAKAI,Results,Technicianm,,1: Sample metadata QC'd by CO2: Event metadata QC'd by JB